town,townKey,medianHouseholdIncome,ownerOccupied,renterOccupied,medianHomeValueCensus,race_total,pop_white,pop_black,pop_asian,pop_hispanic,male_under_5,male_5_9,male_10_14,male_15_17,female_under_5,female_5_9,female_10_14,female_15_17,male_65_66,male_67_69,male_70_74,male_75_79,male_80_84,male_85_plus,female_65_66,female_67_69,female_70_74,female_75_79,female_80_84,female_85_plus,emp_agriculture,emp_construction,emp_manufacturing,emp_wholesale,emp_retail,emp_information,emp_finance_real_estate,emp_professional,emp_education_health,emp_arts_food,emp_other_services,emp_public_administration,ageUnder18,age65Plus,age18to64,pop_other,ownerShare,renterShare,employmentTotalSelected,dominantIndustry
Abington,abington,119787,4777,1661,516300,17008,14647,133,572,591,612,452,689,429,510,643,194,95,156,204,192,217,81,107,151,232,209,222,236,126,0,737,397,318,121,887,289,381,221,0,84,457,3624,2133,11251,1656,0.7420006213109661,0.2579993786890339,3892,Information
Acton,acton,153338,6908,2177,757500,23961,15211,959,5862,900,404,1044,874,771,631,916,757,321,313,328,397,290,170,274,265,365,605,357,186,338,37,320,995,136,213,2296,207,396,182,7,40,617,5718,3888,14355,1929,0.7603742432581178,0.23962575674188222,5446,Information
Acushnet,acushnet,91050,3603,500,408300,10563,10005,20,49,206,266,285,293,159,272,377,170,146,109,185,314,353,110,93,169,238,350,240,149,63,15,483,314,227,57,403,170,65,167,9,53,272,1968,2373,6222,489,0.8781379478430417,0.12186205215695832,2235,Construction
Adams,adams,56285,2517,1564,199800,8106,7698,38,67,200,230,192,177,49,159,168,108,115,88,272,206,177,109,72,108,232,334,192,129,296,12,270,219,116,13,238,76,112,85,12,52,259,1198,2215,4693,303,0.6167605978926733,0.38323940210732665,1464,Construction
Agawam Town,agawam,82359,8689,3103,290000,28510,25487,815,669,1787,583,659,806,623,615,663,380,247,627,376,544,596,258,326,391,465,869,701,402,637,45,636,1291,885,88,693,283,484,244,29,103,607,4576,6192,17742,1539,0.7368554952510177,0.2631445047489824,5388,Manufacturing
Alford,alford,122292,181,14,814400,389,377,0,0,9,4,5,0,0,5,4,0,0,9,7,17,25,15,19,7,9,18,16,23,7,0,8,0,0,2,20,6,9,0,0,0,2,18,172,199,12,0.9282051282051282,0.07179487179487179,47,Information
Amesbury Town,amesbury,100599,5157,2388,475400,17277,15148,562,197,664,465,447,584,298,317,543,240,153,233,247,479,157,147,101,200,427,360,389,153,211,143,491,953,313,48,883,256,352,124,15,79,594,3047,3104,11126,1370,0.6834990059642148,0.3165009940357853,4251,Manufacturing
Amherst Town,amherst,65938,4150,4889,454000,35472,24069,1675,4903,3162,245,417,434,543,414,335,277,5014,210,215,558,263,170,80,329,299,577,374,174,254,0,169,387,220,126,765,76,618,168,53,0,291,7679,3503,24290,4825,0.45912158424604493,0.5408784157539551,2873,Information
Andover,andover,167591,10688,2591,813800,36465,26665,887,5755,2944,988,1049,1179,1080,1373,1212,981,557,394,663,657,468,113,199,545,682,747,528,492,305,95,611,1584,417,252,2772,542,594,263,0,75,522,8419,5793,22253,3158,0.8048798855335492,0.19512011446645078,7727,Information
Aquinnah,aquinnah,117813,210,32,1823200,667,402,17,10,10,1,11,24,17,50,0,3,8,0,23,57,2,5,6,7,3,75,18,12,1,4,24,1,0,0,44,4,8,2,0,0,25,114,209,344,238,0.8677685950413223,0.1322314049586777,112,Information
Arlington,arlington,141440,12034,7819,885000,46015,35186,1163,5570,2299,1115,1133,1563,850,1235,1539,892,219,501,718,882,692,420,290,446,820,1161,696,502,644,0,368,2057,398,568,3988,253,785,288,29,166,507,8546,7772,29697,4096,0.6061552410215081,0.3938447589784919,9407,Information
Ashburnham,ashburnham,115420,2259,95,368200,6357,5569,48,285,292,136,99,174,163,123,414,236,45,123,56,268,135,100,26,60,56,196,55,83,45,0,217,236,175,42,139,43,95,59,17,0,91,1390,1203,3764,455,0.95964316057774,0.04035683942225998,1114,Manufacturing
Ashby,ashby,110536,1191,73,362200,3188,3025,0,14,111,36,66,59,35,52,146,63,5,96,53,90,45,31,0,59,37,130,42,34,30,14,208,163,45,13,131,35,78,67,14,4,50,462,647,2079,149,0.942246835443038,0.05775316455696203,822,Construction
Ashfield,ashfield,80216,786,125,373800,1809,1686,2,16,42,17,37,29,16,20,10,10,10,68,40,104,76,6,11,30,107,109,57,2,6,34,74,64,42,4,76,46,44,20,48,25,41,149,616,1044,105,0.862788144895719,0.13721185510428102,518,Information
Ashland,ashland,127106,5721,1852,586000,18694,13016,994,2813,1418,511,573,480,169,480,530,302,64,187,320,382,294,84,98,272,299,439,415,140,304,9,625,844,331,254,1299,208,280,128,0,213,710,3109,3234,12351,1871,0.7554469827017034,0.2445530172982966,4901,Information
Athol,athol,65458,3402,1306,243900,11937,10818,343,54,708,288,461,392,179,230,424,221,245,218,204,333,175,112,99,179,282,247,240,104,156,10,384,600,244,64,195,100,179,142,8,10,465,2440,2349,7148,722,0.7225998300764656,0.2774001699235344,2401,Manufacturing
Attleboro,attleboro,93266,11762,6019,409100,46499,36824,2687,2094,4057,1614,1246,1157,1161,1571,1565,557,328,709,852,784,452,258,309,385,947,854,660,430,581,59,1823,2103,883,172,1607,754,543,645,84,61,1586,9199,7221,30079,4894,0.6614926044654407,0.3385073955345594,10320,Manufacturing
Auburn,auburn,100786,5497,1357,363100,16840,15048,146,515,906,391,558,651,370,367,592,400,158,205,280,345,248,190,215,254,374,517,401,307,390,60,388,471,300,136,404,109,368,237,6,17,415,3487,3726,9627,1131,0.802013422818792,0.19798657718120805,2911,Manufacturing
Avon,avon,129487,1346,356,482800,4753,2816,1193,245,232,152,146,194,46,58,112,184,20,42,56,115,182,11,11,38,77,116,67,81,33,0,311,163,145,11,101,46,91,112,0,8,139,912,829,3012,499,0.790834312573443,0.209165687426557,1127,Construction
Ayer,ayer,105047,2543,1073,417800,8491,6292,358,381,1236,193,231,161,301,286,265,105,40,111,207,156,46,30,23,93,75,150,74,175,131,0,160,646,200,125,219,38,173,84,44,52,265,1582,1271,5638,1460,0.7032632743362832,0.29673672566371684,2006,Manufacturing
Barnstable Town,barnstable,97348,15432,5182,559200,49232,38920,3107,552,3149,1276,1228,1086,673,948,1392,739,283,795,1092,1443,1120,700,727,1093,1255,1765,1065,671,741,147,2274,884,825,247,1811,1039,1261,439,59,350,1650,7625,12467,29140,6653,0.7486174444552246,0.2513825555447754,10986,Construction
Barre,barre,95607,1409,510,329300,5535,5195,74,0,299,51,111,398,61,0,119,71,170,106,51,101,76,61,0,21,24,151,90,109,70,55,332,134,130,10,169,39,103,123,0,0,279,981,860,3694,266,0.7342365815528922,0.2657634184471079,1374,Construction
Becket,becket,75625,896,33,349200,2049,1899,0,12,77,41,32,57,42,26,64,21,19,57,46,65,28,20,5,73,54,81,27,41,4,15,60,72,76,12,103,28,48,15,0,5,28,302,501,1246,138,0.9644779332615716,0.03552206673842842,462,Information
Bedford,bedford,158964,4148,1649,878200,14343,10692,300,2350,593,282,410,405,282,352,628,404,104,86,218,424,145,149,155,241,172,256,128,278,348,0,273,545,77,90,1093,149,256,83,16,10,238,2867,2600,8876,1001,0.7155425219941349,0.2844574780058651,2830,Information
Belchertown,belchertown,99089,5401,1008,350100,15366,13364,399,454,919,386,318,538,314,522,330,121,81,257,196,565,183,107,29,138,496,540,216,104,253,0,342,393,297,88,424,183,299,447,0,59,402,2610,3084,9672,1149,0.8427211733499766,0.1572788266500234,2934,Education and health
Bellingham,bellingham,120966,4937,1352,425900,17160,14527,120,179,938,531,679,829,294,716,317,172,346,223,174,318,122,133,35,209,212,421,197,124,345,27,644,638,165,74,760,206,260,271,87,116,516,3884,2513,10763,2334,0.7850214660518365,0.21497853394816346,3764,Information
Belmont,belmont,178188,6654,3704,1108800,27009,18804,446,5504,1273,659,843,903,895,1049,981,571,289,431,380,601,460,238,139,351,537,719,471,290,319,15,316,1012,87,195,2447,89,614,108,19,54,451,6190,4936,15883,2255,0.6424020081096736,0.3575979918903263,5407,Information
Berkley,berkley,123877,2250,47,472100,6789,6220,279,6,46,153,165,286,66,220,180,283,42,72,75,83,95,63,55,77,49,168,101,67,96,43,320,585,60,8,187,43,58,12,0,143,279,1395,1001,4393,284,0.979538528515455,0.02046147148454506,1738,Manufacturing
Berlin,berlin,122411,1155,292,566800,3311,2989,62,74,96,32,62,98,70,69,38,0,0,57,75,184,61,62,12,57,74,145,124,50,107,8,116,70,42,12,298,21,23,47,13,28,135,369,1008,1934,186,0.7982031789910159,0.2017968210089841,813,Information
Bernardston,bernardston,78427,709,180,305500,2079,1863,3,33,33,33,28,66,24,55,60,30,22,39,50,76,62,15,8,14,66,55,35,9,27,8,93,87,83,10,26,16,12,15,6,13,54,318,456,1305,180,0.7975253093363329,0.20247469066366705,423,Construction
Beverly,beverly,103739,10172,6743,621900,42408,37074,1124,984,2400,1459,1069,1341,433,754,1347,735,851,436,959,896,650,374,520,440,824,957,634,404,792,15,1042,1571,389,221,1910,276,769,398,8,184,1205,7989,7886,26533,3226,0.6013597398758498,0.39864026012415016,7988,Information
Billerica,billerica,139706,12228,3425,570500,41700,32568,1959,3527,2193,782,853,1111,910,1123,960,965,221,657,807,672,614,410,223,611,728,1197,618,384,562,8,1899,2538,722,228,2278,361,681,306,63,58,1076,6925,7483,27292,3646,0.7811921037500799,0.21880789624992014,10218,Manufacturing
Blackstone,blackstone,98986,2927,1042,394600,9211,7795,288,183,480,284,175,372,197,314,199,110,24,175,51,199,146,35,43,43,215,315,298,132,64,0,447,424,179,23,452,100,73,62,0,51,261,1675,1716,5820,945,0.7374653565129755,0.26253464348702443,2072,Information
Blandford,blandford,88587,505,33,275400,1165,1129,0,0,28,28,18,25,14,5,21,10,0,15,40,73,26,13,5,31,23,51,21,17,3,11,51,64,46,0,30,17,27,13,2,0,31,121,318,726,36,0.9386617100371747,0.06133828996282528,292,Manufacturing
Bolton,bolton,198475,1888,102,722300,5698,4817,10,311,302,188,190,206,108,264,223,96,75,81,82,97,41,28,21,101,72,208,41,32,27,0,106,338,10,65,615,45,109,26,0,21,117,1350,831,3517,560,0.9487437185929648,0.05125628140703518,1452,Information
Boston,boston,94755,98813,180403,710400,663972,317080,143024,66500,125767,15756,13470,15146,8207,11802,13790,8072,16921,5226,7623,10085,5812,3484,3777,5921,8714,12780,8143,5247,7262,414,9694,11774,11511,4428,39997,7970,18477,6440,96,1543,15774,103164,84074,476734,137368,0.35389447596126294,0.646105524038737,128118,Information
Bourne,bourne,95349,6710,2208,543100,20093,18425,127,359,443,199,387,460,350,545,297,363,213,429,527,814,509,318,231,387,583,915,559,311,302,39,652,388,214,46,784,292,507,266,43,85,839,2814,5885,11394,1182,0.7524108544516708,0.24758914554832923,4155,Public administration
Boxborough,boxborough,151000,1708,502,671800,5468,3718,465,985,38,79,243,124,110,159,232,78,186,102,43,173,37,41,0,110,26,89,73,58,9,46,40,288,35,124,341,57,168,29,0,0,270,1211,761,3496,300,0.7728506787330317,0.22714932126696832,1398,Information
Boxford,boxford,192605,2705,160,879900,8155,7452,30,84,212,171,142,396,315,261,327,222,110,85,151,349,132,39,52,76,263,180,117,111,85,0,180,321,0,88,471,0,215,45,77,25,218,1944,1640,4571,589,0.944153577661431,0.055846422338568937,1640,Information
Boylston,boylston,124732,1543,389,578700,4896,4493,14,155,193,174,193,109,88,115,94,49,29,19,145,174,36,69,18,154,115,127,82,26,26,0,199,192,57,16,144,37,60,50,0,0,77,851,991,3054,234,0.7986542443064182,0.2013457556935818,832,Construction
Braintree Town,braintree,125305,11058,3281,623200,38762,27209,1155,8220,1198,1049,1207,1105,780,841,1214,918,500,519,465,873,631,290,289,442,552,905,710,558,651,81,1142,658,752,267,1895,511,1038,298,21,189,928,7614,6885,24263,2178,0.7711834855987167,0.2288165144012832,7780,Information
Brewster,brewster,94798,3797,991,621300,10367,9666,43,115,320,85,167,209,186,297,269,214,44,386,325,427,349,195,177,141,380,647,367,251,241,10,675,329,74,119,351,172,138,140,12,53,252,1471,3886,5010,543,0.7930242272347535,0.20697577276524645,2325,Construction
Bridgewater Town,bridgewater,112482,7023,2335,500600,28669,23623,1957,889,1048,645,884,628,554,557,468,436,1067,296,344,983,439,284,107,350,467,814,353,324,260,45,1001,680,270,126,831,334,504,82,25,233,675,5239,5021,18409,2200,0.7504808719811925,0.24951912801880743,4806,Construction
Brimfield,brimfield,101477,1292,187,379700,3694,3213,53,15,0,109,232,69,66,49,142,31,21,69,64,142,71,28,0,80,122,125,71,6,26,0,78,178,134,44,54,19,22,29,0,30,93,719,804,2171,413,0.8735632183908046,0.12643678160919541,681,Manufacturing
Brockton,brockton,77089,20298,15312,405500,105080,30669,40251,2265,13586,3306,3324,4192,2245,3341,4002,2724,1226,1208,1622,1554,1141,538,461,1153,1535,2232,1145,963,1143,101,3328,2567,3027,375,2034,1289,3030,889,34,413,2652,24360,14695,66025,31895,0.5700084245998315,0.42999157540016847,19739,Construction
Brookfield,brookfield,71875,1247,226,313200,3442,3198,17,25,100,50,82,51,75,32,132,49,23,50,62,143,51,46,33,33,137,143,43,95,46,0,172,169,48,0,122,0,41,19,0,19,162,494,882,2066,202,0.846571622539036,0.15342837746096402,752,Construction
Brookline,brookline,140631,12550,14660,1233100,62822,42506,1917,11094,3746,1668,1526,2044,1110,1570,1736,786,582,451,677,946,769,548,475,606,983,1546,990,1023,660,37,277,1345,265,593,4465,174,2783,312,0,116,867,11022,9674,42126,7305,0.46122748989342155,0.5387725101065785,11234,Information
Buckland,buckland,80995,600,257,291200,2001,1732,4,30,148,18,76,98,16,40,34,8,10,0,46,72,72,12,11,18,69,79,25,26,21,24,111,58,43,0,29,3,8,31,5,0,19,300,451,1250,235,0.7001166861143524,0.2998833138856476,331,Construction
Burlington,burlington,142207,7501,2555,679400,26223,20068,648,3540,1116,689,809,667,173,885,621,300,243,200,340,675,366,262,516,234,515,862,822,324,527,15,429,1182,462,220,1759,252,171,101,0,134,530,4387,5643,16193,1967,0.7459228321400159,0.2540771678599841,5255,Information
Cambridge,cambridge,126469,16718,32874,1040500,117794,67767,12418,23178,10543,2726,2201,1899,1156,1759,1462,1217,3387,1108,1047,1780,946,691,588,1128,1576,2200,1506,919,904,85,942,2792,1164,1533,10054,571,2324,948,73,298,1399,15807,14393,87594,14431,0.3371108243265043,0.6628891756734957,22183,Information
Canton,canton,128341,7308,2369,665500,24459,17685,2632,2511,1198,959,672,790,458,652,794,440,122,113,249,630,511,244,162,352,443,442,660,274,720,0,589,588,299,176,1601,126,696,216,7,57,408,4887,4800,14772,1631,0.7551927250180841,0.24480727498191587,4763,Information
Carlisle,carlisle,250001,1624,102,1055600,5209,4371,27,505,103,95,297,311,123,211,124,60,82,74,93,202,59,79,81,50,93,251,23,55,52,16,38,120,65,77,546,40,118,58,17,10,30,1303,1112,2794,306,0.9409038238702202,0.05909617612977984,1135,Information
Carver,carver,78955,4196,536,409800,11645,10221,317,85,308,149,493,161,133,214,477,122,80,131,164,387,423,83,78,86,334,516,176,74,107,104,687,361,192,70,246,71,211,61,18,51,610,1829,2559,7257,1022,0.8867286559594252,0.1132713440405748,2682,Construction
Charlemont,charlemont,59327,419,115,312800,1054,1013,0,15,25,7,24,11,11,0,18,14,0,44,21,50,38,7,6,19,41,58,32,12,43,8,56,28,10,3,23,15,0,10,4,0,28,85,371,598,26,0.7846441947565543,0.2153558052434457,185,Construction
Charlton,charlton,119809,4136,841,405200,13359,12372,57,64,556,413,464,588,194,334,635,292,97,139,237,334,143,97,171,150,151,311,234,69,271,0,1033,358,196,57,488,165,231,153,0,32,239,3017,2307,8035,866,0.8310227044404259,0.16897729555957405,2952,Construction
Chatham,chatham,86674,2895,366,857900,6643,6010,139,157,68,140,29,145,88,13,108,60,53,153,327,358,242,191,210,177,281,338,309,263,327,10,112,143,52,12,209,67,147,52,0,8,106,636,3176,2831,337,0.8877644894204232,0.11223551057957681,918,Information
Chelmsford,chelmsford,140519,11224,2272,565000,36220,29395,695,3287,1980,978,1098,955,893,1226,1107,510,351,560,558,774,540,465,214,461,591,1007,653,467,362,144,1030,1840,391,596,2388,575,533,171,5,67,810,7118,6652,22450,2843,0.8316538233550682,0.16834617664493184,8550,Information
Chelsea,chelsea,72220,3949,9589,476500,39460,10624,2760,1142,25637,1475,1079,1162,697,993,1732,944,338,209,470,554,297,177,397,247,396,568,375,368,358,9,2228,684,1262,139,1436,770,466,521,37,121,615,8420,4416,26624,24934,0.2916974442310533,0.7083025557689466,8288,Construction
Cheshire,cheshire,72028,1323,190,237000,3234,3015,9,63,6,104,81,42,48,127,20,89,29,79,72,110,91,20,50,57,78,185,53,29,29,9,146,92,94,5,51,38,74,29,0,0,81,540,853,1841,147,0.8744216787838731,0.1255783212161269,619,Construction
Chester,chester,87308,394,80,275600,1322,1273,6,0,27,30,53,37,28,37,91,25,0,30,12,26,23,12,3,13,21,36,9,17,9,4,24,103,92,3,24,18,6,38,0,0,13,301,211,810,43,0.8312236286919831,0.16877637130801687,325,Manufacturing
Chesterfield,chesterfield,102031,349,49,382400,964,922,12,0,15,29,38,22,3,37,3,37,24,8,38,31,12,4,10,20,46,48,8,7,4,4,68,22,28,10,22,17,10,13,3,15,17,193,236,535,30,0.8768844221105527,0.12311557788944724,229,Construction
Chicopee,chicopee,66927,13844,10348,251800,55213,40292,2857,1105,14273,1317,1073,1895,1268,1344,1764,929,666,964,1079,921,832,591,292,809,1015,1429,1022,626,1004,47,1141,2669,1406,175,1413,624,1134,636,125,136,1342,10256,10584,34373,10959,0.572255291005291,0.427744708994709,10848,Manufacturing
Chilmark,chilmark,166250,492,64,1788900,1726,1591,26,45,0,22,21,82,17,47,47,30,0,30,49,65,62,71,11,38,65,86,24,26,17,4,91,11,0,0,168,54,9,25,4,20,10,266,544,916,64,0.8848920863309353,0.11510791366906475,396,Information
Clarksburg,clarksburg,78421,616,110,212500,1723,1629,9,0,29,13,62,78,25,22,23,35,14,41,51,51,39,14,25,44,33,83,32,10,25,4,90,26,26,0,59,40,21,22,4,13,34,272,448,1003,85,0.8484848484848485,0.15151515151515152,339,Construction
Clinton,clinton,93849,3526,3137,348000,15430,12318,429,283,2855,445,319,355,271,327,275,399,189,243,494,304,100,54,54,148,95,267,193,95,105,24,743,954,302,59,520,226,136,198,22,77,580,2580,2152,10698,2400,0.5291910550802942,0.4708089449197058,3841,Manufacturing
Cohasset,cohasset,187060,2588,521,1092500,8358,7697,44,68,398,386,340,339,152,334,185,189,29,108,76,167,84,67,146,93,254,170,80,142,106,0,222,124,158,32,493,48,223,17,0,83,104,1954,1493,4911,549,0.8324220006432936,0.16757799935670634,1504,Information
Colrain,colrain,86429,606,122,267200,1663,1567,23,8,52,44,18,73,7,20,44,10,19,45,31,48,53,56,32,34,48,55,46,40,10,20,135,62,38,4,33,21,12,41,18,0,69,235,498,930,65,0.8324175824175825,0.16758241758241757,453,Construction
Concord,concord,212315,4849,1295,1134500,18226,14926,438,888,918,510,759,770,488,607,807,682,170,256,326,450,206,234,265,173,294,561,323,237,415,108,98,486,53,112,1137,136,223,75,0,74,286,4793,3740,9693,1974,0.7892252604166666,0.21077473958333334,2788,Information
Conway,conway,92471,704,67,376700,1757,1679,0,8,68,32,29,62,46,7,63,39,3,33,53,96,34,39,11,61,54,96,59,8,0,25,56,112,18,15,23,8,25,19,5,0,50,281,544,932,70,0.9130998702983139,0.08690012970168612,356,Manufacturing
County subdivisions not defined,county subdivisions not defined,-666666666,0,0,-666666666,0,0,0,0,0,0,0,0,0,0,0,0,0,0,0,0,0,0,0,0,0,0,0,0,0,0,0,0,0,0,0,0,0,0,0,0,0,0,0,0,0,,,0,Agriculture and natural resources
Cummington,cummington,101250,336,64,283100,916,844,4,0,26,8,14,41,5,10,16,16,0,16,18,40,16,3,36,12,6,48,54,3,6,18,49,9,7,2,46,11,14,10,0,0,31,110,258,548,68,0.84,0.16,197,Construction
Dalton,dalton,81168,2139,692,289300,6304,6009,36,46,196,181,236,123,104,294,171,44,34,67,150,128,97,56,78,161,125,244,175,61,229,0,116,221,44,41,166,51,241,27,0,30,65,1187,1571,3546,213,0.7555634051571882,0.24443659484281172,1002,Professional services
Danvers,danvers,117072,7610,3431,611200,27924,25200,746,527,1413,509,420,502,580,718,716,540,313,494,331,672,513,328,351,281,714,712,605,587,599,58,735,1173,567,138,993,316,551,213,0,50,718,4298,6187,17439,1451,0.6892491622135676,0.31075083778643237,5512,Manufacturing
Dartmouth,dartmouth,98662,9126,2743,470500,32621,28115,868,771,1440,413,825,643,504,733,813,428,1131,400,637,793,534,280,228,427,489,845,674,309,643,52,1056,1038,382,74,1033,281,581,212,23,62,719,5490,6259,20872,2867,0.768893756845564,0.23110624315443593,5513,Construction
Dedham,dedham,124375,7484,2813,630400,25109,20698,1293,786,1884,549,574,694,337,673,635,503,99,288,383,548,416,122,316,360,513,575,432,389,752,10,767,567,349,141,994,178,596,260,0,105,739,4064,5094,15951,2332,0.7268136350393318,0.27318636496066817,4706,Information
Deerfield,deerfield,103110,1867,483,385000,5136,4640,117,5,356,73,150,35,139,14,185,162,64,93,31,155,92,66,0,65,114,171,103,144,99,104,277,167,104,79,87,17,73,34,49,97,141,822,1133,3181,374,0.794468085106383,0.20553191489361702,1229,Construction
Dennis,dennis,88183,5573,1543,564500,14803,13300,299,43,754,132,188,336,134,123,242,54,147,240,615,607,455,264,249,334,510,791,730,401,340,68,463,279,67,74,572,308,245,172,0,75,393,1356,5536,7911,1161,0.7831646992692524,0.2168353007307476,2716,Information
Dighton,dighton,137616,2620,284,486900,8122,7584,85,0,283,144,295,152,287,358,134,232,92,120,95,238,96,49,37,161,147,175,115,27,79,0,314,267,185,20,438,181,117,46,0,38,383,1694,1339,5089,453,0.9022038567493113,0.09779614325068871,1989,Information
Douglas,douglas,147185,2731,551,439800,9096,8472,48,102,508,175,207,301,167,226,346,459,22,251,111,123,16,86,10,75,144,163,98,103,103,19,267,308,273,17,432,140,117,89,0,43,224,1903,1283,5910,474,0.832114564290067,0.16788543570993297,1929,Information
Dover,dover,250001,1854,58,1285800,5893,4706,117,678,156,163,168,294,282,151,151,167,59,68,111,155,43,18,53,173,24,138,89,26,68,0,45,117,57,44,389,63,163,45,0,6,93,1435,966,3492,392,0.9696652719665272,0.030334728033472803,1022,Information
Dracut,dracut,111539,9679,2466,465900,32356,26433,1045,1902,2875,837,1164,1083,799,778,1101,557,473,406,340,707,192,194,470,352,510,990,450,468,708,99,1074,1397,882,477,1072,294,563,189,51,89,960,6792,5787,19777,2976,0.7969534787978592,0.2030465212021408,7147,Manufacturing
Dudley,dudley,85179,3012,1243,372400,11886,10342,560,347,436,307,532,377,295,363,364,151,578,115,157,196,173,91,115,121,192,239,162,148,220,17,333,587,180,17,287,160,168,230,16,10,313,2967,1929,6990,637,0.7078730904817861,0.29212690951821385,2318,Manufacturing
Dunstable,dunstable,202379,1089,46,624300,3375,3071,41,79,170,102,74,106,120,69,119,84,61,33,96,91,22,17,9,27,79,64,37,3,8,9,186,176,83,0,265,20,37,51,0,4,77,735,486,2154,184,0.9594713656387666,0.04052863436123348,908,Information
Duxbury,duxbury,171471,5383,597,826300,16110,15092,113,140,303,370,446,601,462,532,597,277,155,64,304,627,360,210,185,205,367,656,351,195,222,69,616,347,159,59,812,151,320,135,0,60,450,3440,3746,8924,765,0.9001672240802676,0.09983277591973244,3178,Information
East Bridgewater,east bridgewater,128679,4198,848,474000,14420,13221,220,60,500,400,379,417,354,507,291,401,209,58,229,328,218,134,34,131,261,286,263,178,102,34,877,562,173,81,743,473,179,166,42,252,658,2958,2222,9240,919,0.8319460959175584,0.16805390408244153,4240,Construction
East Brookfield,east brookfield,76382,742,163,342400,2120,1955,5,20,132,77,41,60,11,49,41,19,8,27,119,53,67,31,14,61,26,74,97,56,38,1,69,125,43,19,46,6,28,17,1,12,66,306,663,1151,140,0.8198895027624309,0.18011049723756906,433,Manufacturing
East Longmeadow,east longmeadow,101540,5102,798,342000,16368,14040,425,300,954,390,415,610,460,484,542,571,149,121,275,373,167,177,341,113,413,384,294,244,592,39,270,607,225,30,569,200,475,154,0,0,183,3621,3494,9253,1603,0.8647457627118644,0.1352542372881356,2752,Manufacturing
Eastham,eastham,72683,2543,317,668400,5772,5110,252,89,31,80,109,64,71,73,235,115,0,64,147,246,223,126,156,202,105,509,134,129,299,31,320,40,0,23,180,63,57,23,0,22,144,747,2340,2685,321,0.8891608391608392,0.11083916083916084,903,Construction
Easthampton Town,easthampton,72925,4745,3179,343800,16103,13905,98,224,1367,266,352,540,158,333,476,398,148,259,272,544,401,167,192,168,402,575,461,185,193,15,168,524,325,147,351,122,276,101,87,0,521,2671,3819,9613,1876,0.5988137304391722,0.40118626956082787,2637,Manufacturing
Easton,easton,121458,7305,2019,560200,25162,19972,1635,931,1478,589,643,1141,385,547,804,358,672,437,286,673,468,305,156,442,376,619,491,476,240,48,587,698,312,85,1136,119,462,314,21,142,501,5139,4969,15054,2624,0.7834620334620335,0.21653796653796653,4425,Information
Edgartown,edgartown,89710,1316,350,1171700,5212,4396,326,0,37,40,54,59,48,168,161,38,125,0,47,189,161,12,170,0,115,169,122,177,78,80,272,17,256,0,342,199,59,29,40,96,280,693,1240,3279,490,0.7899159663865546,0.21008403361344538,1670,Information
Egremont,egremont,97500,410,120,549300,1232,1165,0,0,29,16,5,14,5,13,13,0,0,75,26,24,17,22,16,42,44,56,18,27,4,0,75,37,0,0,64,48,33,0,0,3,29,66,371,795,67,0.7735849056603774,0.22641509433962265,289,Construction
Erving,erving,74550,525,160,241500,1639,1553,27,0,25,57,61,23,15,45,48,21,36,20,40,49,19,33,11,8,40,64,19,12,13,9,95,111,13,0,26,14,26,4,19,4,24,306,328,1005,59,0.7664233576642335,0.23357664233576642,345,Manufacturing
Essex,essex,152371,1030,307,826700,3680,3617,0,0,33,108,110,185,65,32,117,178,30,29,38,95,59,20,11,32,58,60,42,9,43,16,158,99,45,41,144,29,26,55,19,28,60,825,496,2359,63,0.7703814510097232,0.22961854899027673,720,Construction
Everett,everett,79658,6304,10958,605200,49236,20971,6303,3859,15408,1933,1821,1674,1104,1069,1363,822,485,409,376,853,271,391,202,452,466,715,371,443,413,10,2831,949,1132,154,1965,1128,909,755,73,173,1041,10271,5362,33603,18103,0.36519522650909514,0.6348047734909049,11120,Construction
Fairhaven,fairhaven,92500,5316,1884,407300,15878,15171,53,161,371,261,247,380,257,459,557,137,206,209,253,378,268,194,212,223,346,737,366,195,684,99,780,302,411,129,325,81,230,91,37,54,283,2504,4065,9309,493,0.7383333333333333,0.26166666666666666,2822,Construction
Fall River,fall river,53933,15170,26617,357800,93764,68215,5966,2512,12356,2386,2608,3577,1588,2326,2702,1833,971,903,1531,1471,1048,591,633,1038,1519,2194,1571,1044,1330,60,4446,3127,1647,202,1914,1155,1410,1087,132,369,2495,17991,14873,60900,17071,0.36303156484073995,0.63696843515926,18044,Construction
Falmouth,falmouth,92862,12076,2520,580000,32841,28271,397,888,1095,539,646,638,514,535,550,449,404,615,1010,1331,761,563,755,757,929,1501,1057,715,954,0,1220,460,548,72,2017,509,605,292,49,68,684,4275,10948,17618,3285,0.8273499588928473,0.17265004110715265,6524,Information
Fitchburg,fitchburg,70659,9518,7362,295500,41633,26776,2929,859,12707,866,1244,1038,749,1119,1036,668,997,585,500,542,311,214,215,463,569,813,675,367,521,174,1235,1817,824,45,1778,1175,740,395,128,134,1231,7717,5775,28141,11069,0.5638625592417061,0.43613744075829386,9676,Manufacturing
Florida,florida,90078,282,33,220600,774,754,0,4,28,5,18,25,18,15,30,19,7,10,43,28,7,16,6,11,32,4,7,11,15,10,41,39,15,0,12,4,0,2,0,2,10,137,190,447,16,0.8952380952380953,0.10476190476190476,135,Construction
Foxborough,foxborough,108559,5232,1937,581900,18516,14425,1273,1238,691,376,434,583,389,433,759,406,376,316,255,304,359,132,113,360,340,514,186,156,152,8,535,423,169,107,870,187,633,298,0,178,350,3756,3187,11573,1580,0.7298088994280931,0.2701911005719068,3758,Information
Framingham,framingham,98179,15039,12412,600600,72013,39684,4642,5193,13489,2078,2695,2270,1286,1971,1953,1116,924,790,1006,1624,548,527,523,683,1119,1428,1203,729,1188,62,3087,1977,1102,408,4082,1048,1494,853,30,259,1819,14293,11368,46352,22494,0.5478488943936468,0.45215110560635313,16221,Information
Franklin Town,franklin,142788,9668,2671,567100,33067,28185,661,2033,1651,648,715,1015,784,801,1121,865,740,359,391,602,298,164,169,423,414,764,427,299,319,73,894,1168,545,326,1352,163,336,327,43,240,740,6689,4629,21749,2188,0.7835318907528973,0.2164681092471027,6207,Information
Freetown,freetown,144722,2834,348,491600,9222,8856,68,137,201,238,169,285,190,318,338,231,109,102,161,232,178,39,30,230,241,165,114,92,32,11,423,370,137,7,283,96,108,54,0,11,200,1878,1616,5728,161,0.890634820867379,0.10936517913262099,1700,Construction
Gardner,gardner,62948,5055,3853,271300,21075,17140,999,580,1978,653,523,434,425,300,681,451,212,359,429,480,342,135,212,250,315,556,315,223,441,0,702,883,475,31,407,110,289,183,18,38,490,3679,4057,13339,2356,0.5674674449932645,0.43253255500673554,3626,Manufacturing
Georgetown,georgetown,152014,2682,506,610800,8454,7733,81,98,241,258,297,303,214,282,229,215,30,105,86,267,110,94,52,75,185,257,131,84,133,0,343,370,137,8,437,36,218,107,68,35,215,1828,1579,5047,542,0.8412797992471769,0.1587202007528231,1974,Information
Gill,gill,90000,510,148,323900,1831,1652,77,27,14,55,18,88,30,23,43,20,0,49,72,44,30,10,6,16,43,55,25,16,17,45,45,83,37,21,71,43,12,15,8,24,31,277,383,1171,75,0.7750759878419453,0.22492401215805471,435,Manufacturing
Gloucester,gloucester,87898,8347,4833,587800,29862,27036,351,483,1424,853,760,682,343,389,430,394,359,529,817,884,494,353,254,563,1016,982,821,488,400,237,1280,1103,525,158,1138,243,373,361,42,45,740,4210,7601,18051,1992,0.6333080424886192,0.3666919575113809,6245,Construction
Goshen,goshen,93125,391,57,318100,965,913,0,13,36,7,23,6,7,8,14,5,19,4,37,64,22,3,12,50,19,34,30,13,8,13,50,45,18,3,22,4,33,3,0,12,58,89,296,580,39,0.8727678571428571,0.12723214285714285,261,Public administration
Gosnold,gosnold,-666666666,12,15,700000,51,51,0,0,0,0,0,0,0,0,0,0,0,0,3,5,2,2,0,0,3,3,1,0,0,0,5,0,9,0,0,0,0,13,0,0,3,0,19,32,0,0.4444444444444444,0.5555555555555556,30,Education and health
Grafton,grafton,124548,5614,2086,481500,19771,15077,342,2177,906,692,442,785,295,439,614,452,114,256,238,245,228,189,184,279,238,411,204,320,121,101,612,1006,335,169,975,254,253,284,19,75,606,3833,2913,13025,2175,0.7290909090909091,0.27090909090909093,4689,Manufacturing
Granby,granby,110188,2401,138,319600,6088,5681,119,23,218,73,284,104,41,86,100,101,13,96,162,163,134,56,16,38,177,171,162,55,107,17,136,255,326,0,145,16,96,46,0,16,315,802,1337,3949,265,0.9456478928712091,0.054352107128790864,1368,Wholesale trade
Granville,granville,89643,640,44,328700,1680,1508,20,7,56,38,45,71,10,40,14,42,6,38,43,43,16,15,13,47,29,51,13,14,29,12,71,73,28,0,42,22,19,21,0,0,28,266,351,1063,145,0.935672514619883,0.06432748538011696,316,Manufacturing
Great Barrington,great barrington,82484,2099,844,474800,7184,6002,145,261,518,155,104,201,186,137,167,151,137,158,61,184,104,87,43,179,140,266,165,135,143,0,249,116,118,66,248,46,123,86,0,11,240,1238,1665,4281,776,0.7132178049609242,0.28678219503907576,1303,Construction
Greenfield,greenfield,53961,4478,3728,252000,17662,15657,441,339,1063,486,473,668,309,519,390,146,105,172,360,631,284,157,173,319,427,698,372,263,345,39,418,460,136,73,453,168,331,122,39,44,373,3096,4201,10365,1225,0.5456982695588594,0.45430173044114064,2656,Manufacturing
Groton,groton,189180,3278,390,673500,11265,9566,114,676,440,203,293,919,283,486,307,354,92,93,221,247,163,94,56,191,45,293,238,66,96,6,211,509,98,82,829,112,170,110,24,37,178,2937,1803,6525,909,0.8936750272628136,0.10632497273718648,2366,Information
Groveland,groveland,135521,2450,222,571900,6747,6545,11,22,124,288,270,168,110,253,180,54,0,83,77,166,161,84,15,96,236,199,127,79,69,0,379,407,57,30,168,70,150,41,15,0,159,1323,1392,4032,169,0.9169161676646707,0.08308383233532934,1476,Manufacturing
Hadley,hadley,117580,1703,590,453300,5299,4727,0,122,345,108,201,160,90,48,131,154,0,60,111,181,67,58,30,159,252,130,72,11,156,41,120,287,96,31,167,65,0,0,34,90,65,892,1287,3120,450,0.7426951591801134,0.25730484081988664,996,Manufacturing
Halifax,halifax,106851,2848,117,442800,7734,6984,0,10,144,177,312,255,129,167,525,85,56,62,113,225,30,35,47,111,265,90,186,87,96,0,266,208,39,14,413,263,92,53,0,27,138,1706,1347,4681,740,0.9605396290050591,0.03946037099494098,1513,Information
Hamilton,hamilton,126331,2239,460,687600,7571,6896,228,250,134,186,218,381,113,315,242,90,94,88,123,193,102,101,87,106,263,213,77,96,90,11,163,193,61,51,457,102,122,78,9,13,106,1639,1539,4393,197,0.8295665061133753,0.17043349388662468,1366,Information
Hampden,hampden,110703,1902,63,345200,4937,4613,0,31,210,86,74,152,52,66,77,64,102,80,147,170,107,88,29,192,165,156,120,62,39,0,212,227,56,0,83,53,50,38,0,17,124,673,1355,2909,293,0.9679389312977099,0.03206106870229008,860,Manufacturing
Hancock,hancock,93125,246,70,348300,798,710,5,17,31,32,4,14,8,27,7,15,24,30,21,18,8,4,4,17,41,17,12,14,10,9,26,5,0,0,20,11,29,9,6,0,10,131,196,471,66,0.7784810126582279,0.22151898734177214,125,Professional services
Hanover,hanover,174821,4243,661,706200,14800,13292,102,349,138,372,465,963,565,475,292,380,204,63,180,273,175,143,88,114,288,334,256,208,183,0,617,184,332,70,652,34,123,104,0,39,382,3716,2305,8779,1057,0.8652120717781403,0.1347879282218597,2537,Information
Hanson,hanson,111897,3632,396,496200,10615,9461,40,357,193,265,454,325,224,359,172,271,78,60,262,398,129,76,53,177,164,322,198,169,99,0,452,277,197,54,194,40,89,147,0,37,358,2148,2107,6360,757,0.9016881827209533,0.09831181727904667,1845,Construction
Hardwick,hardwick,81250,771,347,282000,2671,2513,5,8,164,44,127,114,102,84,31,63,19,30,74,43,85,32,3,53,92,63,21,5,25,5,75,90,28,12,36,5,12,41,0,0,100,584,526,1561,145,0.6896243291592129,0.3103756708407871,404,Public administration
Harvard,harvard,200688,1802,227,798300,6881,5573,420,356,638,282,117,94,224,264,205,79,86,112,135,117,132,36,51,29,71,110,122,30,33,22,79,234,8,27,372,35,23,29,0,10,90,1351,978,4552,532,0.8881222276983736,0.11187777230162642,929,Information
Harwich,harwich,87948,5197,970,588100,13506,12737,27,12,215,252,305,298,276,193,112,159,0,269,374,646,312,134,231,394,455,770,541,279,490,0,685,106,270,22,629,178,68,79,52,74,289,1595,4895,7016,730,0.8427112047997406,0.15728879520025946,2452,Construction
Hatfield,hatfield,100381,1090,368,440000,3324,3002,9,47,171,109,81,96,75,49,42,22,103,8,74,92,35,87,0,107,81,119,63,49,54,68,43,35,40,17,173,27,111,15,10,0,240,577,769,1978,266,0.747599451303155,0.252400548696845,779,Public administration
Haverhill,haverhill,87675,16127,10173,426900,67387,47081,2063,898,17759,1533,2209,2554,1341,1431,1958,1228,867,772,1128,1051,707,510,467,698,1164,1404,981,615,875,147,1929,2852,1451,509,2221,868,1493,877,0,293,2003,13121,10372,43894,17345,0.6131939163498099,0.3868060836501901,14643,Manufacturing
Hawley,hawley,99375,126,9,290000,360,324,0,3,8,3,0,2,3,23,1,0,2,1,5,5,10,19,12,4,13,25,14,7,1,15,7,9,5,0,3,1,4,5,4,4,1,34,116,210,33,0.9333333333333333,0.06666666666666667,58,Agriculture and natural resources
Heath,heath,93750,336,43,284500,782,722,0,14,40,7,5,16,13,14,31,9,2,25,30,104,12,8,9,14,32,27,6,2,13,0,29,51,10,6,44,23,5,13,6,21,28,97,282,403,46,0.8865435356200527,0.11345646437994723,236,Manufacturing
Hingham,hingham,181017,7672,1886,1075100,24185,22674,192,561,472,697,1118,826,525,636,864,457,224,217,578,546,435,247,341,235,602,717,619,473,1003,0,388,481,311,91,1352,144,351,190,7,8,288,5347,6013,12825,758,0.8026783845992885,0.19732161540071144,3611,Information
Hinsdale,hinsdale,76129,626,166,272900,1825,1730,4,0,71,23,15,25,34,56,38,27,7,45,21,52,19,31,47,13,14,45,37,46,7,7,69,67,9,56,65,33,31,16,6,0,26,225,377,1223,91,0.7904040404040404,0.20959595959595959,385,Construction
Holbrook,holbrook,107768,3566,712,436500,11320,7653,1361,490,1042,353,343,331,172,144,538,220,63,210,192,252,198,111,49,204,101,423,162,72,69,0,557,222,194,30,649,240,513,131,0,95,296,2164,2043,7113,1816,0.83356708742403,0.16643291257597007,2927,Information
Holden,holden,142880,6055,1069,433300,19885,17193,566,519,1081,747,674,842,381,724,712,435,136,204,339,382,252,209,192,286,289,440,428,176,264,13,460,742,317,137,668,159,490,249,0,44,290,4651,3461,11773,1607,0.8499438517686693,0.1500561482313307,3569,Manufacturing
Holland,holland,86806,1117,47,288700,2576,2315,0,147,84,81,52,62,42,82,42,22,7,88,71,71,36,26,10,69,77,85,64,19,8,13,88,94,41,0,74,43,38,53,0,20,69,390,624,1562,114,0.9596219931271478,0.040378006872852236,533,Manufacturing
Holliston,holliston,154684,4907,747,620500,14964,12637,106,981,705,279,622,574,341,436,416,330,238,190,336,331,302,117,23,163,381,339,277,259,167,8,614,515,167,99,1071,146,279,197,7,59,466,3236,2885,8843,1240,0.8678811460912628,0.13211885390873718,3628,Information
Holyoke,holyoke,51892,6451,9073,255300,37949,22873,1609,314,19563,1293,780,1636,722,1182,927,508,351,410,686,603,670,246,562,494,753,835,680,428,690,37,562,860,518,113,725,381,764,341,0,158,746,7399,7057,23493,13153,0.41555011594949753,0.5844498840505025,5205,Manufacturing
Hopedale,hopedale,115216,1667,504,456000,6024,5529,111,138,299,92,82,251,82,92,377,389,60,55,89,150,190,0,36,67,65,212,115,107,72,0,102,242,154,17,167,43,124,151,0,0,93,1425,1158,3441,246,0.7678489175495163,0.23215108245048366,1093,Manufacturing
Hopkinton,hopkinton,204418,5660,973,726100,19050,13897,138,3322,611,608,1070,735,395,652,890,608,283,340,163,307,235,45,50,385,196,220,245,94,123,11,255,962,147,236,1228,165,386,101,17,99,377,5241,2403,11406,1693,0.8533092115181667,0.14669078848183326,3984,Information
Hubbardston,hubbardston,102344,1484,146,342100,4339,3887,175,110,128,180,65,38,92,214,68,79,126,55,121,128,47,100,15,42,34,126,61,56,7,0,273,169,24,8,145,26,51,80,10,0,10,862,792,2685,167,0.9104294478527607,0.08957055214723926,796,Construction
Hudson,hudson,107202,5992,2049,480300,19959,15988,192,1154,1197,580,580,478,609,521,567,297,252,209,149,456,347,227,89,207,230,696,585,231,261,0,569,911,322,111,1026,315,370,70,0,127,319,3884,3687,12388,2625,0.745180947643328,0.25481905235667207,4140,Information
Hull,hull,127112,3711,864,606100,10098,9539,9,117,76,176,158,138,230,98,158,143,68,87,299,306,206,132,50,227,413,311,238,186,63,11,432,153,191,54,517,173,130,67,18,38,354,1169,2518,6411,433,0.8111475409836065,0.18885245901639344,2138,Information
Huntington,huntington,94871,751,118,283900,2205,2108,34,0,29,30,55,69,31,41,81,26,15,56,16,20,29,39,39,41,27,52,27,32,8,29,127,83,11,0,66,29,35,44,14,0,84,348,386,1471,63,0.8642117376294591,0.13578826237054084,522,Construction
Ipswich,ipswich,124405,4178,1579,701400,13820,12770,103,280,423,214,178,386,272,424,487,274,96,165,369,349,245,148,150,212,302,440,292,240,207,62,447,532,135,208,769,130,158,108,48,52,319,2331,3119,8370,667,0.7257252040993573,0.2742747959006427,2968,Information
Kingston,kingston,115863,4643,904,562000,13782,13350,97,49,251,475,356,492,240,564,263,402,22,235,261,332,286,280,194,83,481,240,327,145,174,10,776,86,202,92,516,55,370,71,0,59,445,2814,3038,7930,286,0.837029024698035,0.16297097530196503,2682,Construction
Lakeville,lakeville,126182,3415,776,533800,11732,10994,138,186,149,231,245,389,200,380,467,142,275,178,174,277,133,68,68,153,233,208,141,95,142,0,444,529,230,29,394,131,193,113,4,74,528,2329,1870,7533,414,0.8148413266523503,0.18515867334764974,2669,Manufacturing
Lancaster,lancaster,130444,2442,502,467400,8470,7285,413,21,830,202,255,169,189,165,235,177,34,92,57,160,142,86,99,141,215,275,169,129,91,17,211,275,53,38,303,31,160,50,19,73,133,1426,1656,5388,751,0.829483695652174,0.17051630434782608,1363,Information
Lanesborough,lanesborough,84419,1272,60,285500,3033,2917,29,73,0,13,68,55,82,127,131,72,0,20,101,67,69,73,42,72,38,101,58,31,18,0,63,140,160,6,33,8,56,11,0,16,114,548,690,1795,14,0.954954954954955,0.04504504504504504,607,Wholesale trade
Lawrence,lawrence,57903,9407,21602,393500,88297,19903,4075,1694,72628,3216,3976,3740,1723,2602,2973,1842,1221,620,660,1033,592,376,324,979,855,1165,763,655,831,0,2066,4057,2366,186,2739,2013,1356,818,12,218,2115,21293,8853,58151,62625,0.3033635396175304,0.6966364603824696,17946,Manufacturing
Lee,lee,74222,2092,576,328900,5751,5249,0,109,170,45,145,192,96,38,139,155,54,29,184,170,134,163,101,35,139,153,390,283,233,0,210,162,67,63,114,22,220,42,33,19,79,864,2014,2873,393,0.7841079460269865,0.2158920539730135,1031,Professional services
Leicester,leicester,95776,3611,487,377800,11076,9651,562,23,537,246,242,480,215,422,265,71,283,147,184,236,145,143,66,263,225,211,146,125,47,48,448,261,351,59,449,285,185,82,0,32,351,2224,1938,6914,840,0.881161542215715,0.11883845778428502,2551,Information
Lenox,lenox,97569,1623,654,469600,5076,4669,51,13,302,12,138,60,184,66,75,63,168,95,271,192,86,54,133,73,308,91,170,58,262,0,19,167,0,15,132,0,106,296,0,0,75,766,1793,2517,343,0.7127799736495388,0.2872200263504611,810,Education and health
Leominster,leominster,81556,11446,6764,345000,43697,32013,2373,1329,7490,1522,1237,1352,533,1288,1525,589,391,556,826,827,739,376,363,422,1209,820,585,432,820,58,1180,2272,760,171,1539,607,823,247,34,117,994,8437,7975,27285,7982,0.628555738605162,0.371444261394838,8802,Manufacturing
Leverett,leverett,113750,628,86,444700,1704,1527,14,66,64,19,20,49,24,81,23,18,13,14,41,92,39,43,17,25,47,135,65,26,19,16,74,18,11,22,57,9,65,19,12,22,13,247,563,894,97,0.8795518207282913,0.12044817927170869,338,Construction
Lexington,lexington,219402,9998,2339,1147900,34085,19369,712,11225,1133,750,1026,1521,997,1220,1817,1174,266,459,587,811,499,441,532,376,554,1125,591,626,560,7,126,1511,156,196,2977,115,944,186,10,14,412,8771,7161,18153,2779,0.8104077166247873,0.18959228337521278,6654,Information
Leyden,leyden,105357,254,20,344800,650,619,0,0,15,14,14,8,9,10,8,0,2,7,11,28,17,13,7,18,12,23,22,5,4,4,35,33,20,5,29,8,7,20,4,9,14,65,167,418,31,0.927007299270073,0.072992700729927,188,Construction
Lincoln,lincoln,180750,1668,1002,1180100,6946,5389,89,523,916,237,419,261,109,215,231,146,83,31,72,118,129,130,188,77,66,93,190,129,204,0,33,105,77,2,342,26,222,9,9,15,145,1701,1427,3818,945,0.6247191011235955,0.3752808988764045,985,Information
Littleton,littleton,146250,3074,563,633000,10150,8530,61,950,254,332,342,289,147,255,313,254,70,103,84,309,80,99,62,97,116,362,159,178,132,0,277,501,101,99,639,63,61,64,24,45,190,2002,1781,6367,609,0.845202089634314,0.154797910365686,2064,Information
Longmeadow,longmeadow,144639,5250,461,425800,15724,13560,268,977,450,425,323,695,481,563,642,287,189,245,280,274,297,143,246,164,328,581,324,251,387,0,187,412,177,65,668,91,656,4,0,0,90,3605,3520,8599,919,0.9192785851864822,0.08072141481351777,2350,Information
Lowell,lowell,76205,18650,23733,395100,114799,58399,12366,24273,22188,3217,2977,3844,1677,3553,4029,1689,1799,1247,1257,1611,1197,640,474,1321,1506,1818,1288,984,845,74,3435,5543,1964,433,4390,1426,2796,1227,32,204,2279,22785,14188,77826,19761,0.4400349196611849,0.5599650803388151,23803,Manufacturing
Ludlow,ludlow,78981,6326,2176,303900,20846,18405,384,172,2050,307,589,521,384,517,350,390,281,342,473,468,304,265,273,294,551,607,442,315,339,12,524,890,678,34,530,178,321,180,6,108,631,3339,4673,12834,1885,0.7440602211244413,0.2559397788755587,4092,Manufacturing
Lunenburg,lunenburg,109753,3682,847,442800,11804,10273,252,399,796,340,452,360,219,378,391,371,44,159,100,295,219,157,25,208,168,234,193,127,94,13,433,499,252,41,473,115,101,104,13,67,365,2555,1979,7270,880,0.8129829984544049,0.18701700154559506,2476,Manufacturing
Lynn,lynn,74715,18307,18021,472600,100905,44976,12212,6059,42858,3625,2914,3332,2497,3537,3211,2360,1360,908,1571,1772,1011,484,438,980,1731,1913,1215,715,1245,40,3401,3434,2959,321,4081,2052,2293,1158,0,96,2978,22836,13983,64086,37658,0.5039363576304778,0.4960636423695221,22813,Information
Lynnfield,lynnfield,172484,3995,626,904200,12964,10541,185,1058,543,641,624,471,240,718,336,281,36,234,164,185,184,194,93,123,355,270,273,112,206,0,503,139,253,11,587,78,184,105,0,15,383,3347,2393,7224,1180,0.8645314866911924,0.13546851330880763,2258,Information
Malden,malden,95298,11070,15249,607500,65509,29104,9017,18745,5323,2284,1639,1593,983,1153,1629,954,335,736,923,837,540,360,321,615,823,992,1034,537,949,0,2123,2046,1334,602,4008,737,1274,648,45,100,1666,10570,8667,46272,8643,0.42060868574033966,0.5793913142596603,14583,Information
Manchester-by-the-Sea,manchester,197875,1549,663,932000,5368,4687,0,63,176,105,125,272,38,62,296,272,0,117,205,57,158,110,25,50,142,240,97,41,126,0,59,79,12,0,357,0,58,40,17,26,144,1170,1368,2830,618,0.7002712477396021,0.29972875226039786,792,Information
Mansfield,mansfield,131409,6527,2453,571000,23855,20459,642,1353,886,623,563,772,615,772,835,400,212,206,358,583,155,102,60,262,448,556,259,181,284,35,890,745,446,190,1160,303,607,332,98,66,565,4792,3454,15609,1401,0.726837416481069,0.27316258351893097,5437,Information
Marblehead,marblehead,165859,6776,1411,906200,20334,19310,138,228,524,237,396,749,748,458,937,582,232,394,371,486,384,265,191,358,355,730,541,203,318,21,624,300,331,144,1344,239,522,112,0,147,382,4339,4596,11399,658,0.8276535971662392,0.17234640283376085,4166,Information
Marion,marion,120227,1664,306,585500,5312,4435,221,77,166,86,264,122,145,78,120,91,79,134,34,156,100,13,69,45,65,261,215,53,81,18,287,106,98,55,206,0,63,0,12,12,67,985,1226,3101,579,0.8446700507614213,0.15532994923857868,924,Construction
Marlborough,marlborough,95047,9352,7297,485400,41398,25198,1512,2027,6975,1344,1247,969,452,1180,1161,524,542,457,586,801,372,319,329,485,658,759,505,351,483,152,1902,2334,534,453,2146,794,531,461,43,198,1070,7419,6105,27874,12661,0.5617154183434441,0.4382845816565559,10618,Manufacturing
Marshfield,marshfield,125525,8258,1937,621300,25795,24763,157,111,560,546,809,622,537,721,664,534,191,250,474,724,341,251,249,411,448,719,671,241,370,113,775,348,570,324,1253,356,424,289,50,0,610,4624,5149,16022,764,0.8100049043648847,0.18999509563511524,5112,Information
Mashpee,mashpee,95852,5703,1150,515800,15234,13596,372,141,335,305,276,289,338,359,207,172,76,304,392,505,502,246,165,313,584,641,548,325,343,26,499,204,328,69,741,366,305,68,51,17,408,2022,4868,8344,1125,0.8321902816284839,0.16780971837151612,3082,Information
Mattapoisett,mattapoisett,117308,2346,628,671900,6563,6205,0,32,154,124,139,252,130,184,123,95,97,138,93,263,146,79,254,55,132,290,251,85,115,65,117,241,75,0,270,86,193,96,3,10,79,1144,1901,3518,326,0.788836583725622,0.21116341627437793,1235,Information
Maynard,maynard,119549,3599,1074,494200,10663,9015,147,626,375,151,353,492,208,396,126,87,258,132,194,146,165,148,34,42,149,192,217,138,98,15,149,584,141,102,685,91,169,88,46,50,387,2071,1655,6937,875,0.7701690562807618,0.22983094371923818,2507,Information
Medfield,medfield,214801,3937,622,869400,12923,11312,222,572,472,524,650,522,235,451,438,468,155,99,195,208,203,78,48,192,153,326,154,93,84,0,252,383,49,112,772,131,104,13,12,42,364,3443,1833,7647,817,0.8635665716165826,0.1364334283834174,2234,Information
Medford,medford,118089,13038,11534,715500,59062,41009,3870,7080,5243,1154,1138,1099,768,869,1066,599,1386,528,823,1040,510,280,514,717,895,1439,766,755,1041,25,1390,1690,778,590,4383,776,1144,764,13,254,1465,8079,9308,41675,7103,0.5306039394432688,0.4693960605567312,13272,Information
Medway,medway,174357,3997,576,588900,13251,11137,167,719,598,389,377,310,328,418,410,366,138,127,256,219,178,52,40,204,264,243,119,94,135,22,356,487,120,93,558,186,238,208,0,103,401,2736,1931,8584,1228,0.8740432976164444,0.12595670238355566,2772,Information
Melrose,melrose,126854,8388,3980,796100,29488,23181,649,2848,1770,582,727,812,455,1010,773,561,119,309,383,433,493,456,284,298,652,671,1097,420,613,0,627,755,366,411,1868,141,606,288,57,62,368,5039,6109,18340,2810,0.6782018111254852,0.3217981888745149,5549,Information
Mendon,mendon,129837,1916,187,605500,6266,5874,25,26,255,92,66,221,199,159,238,252,48,94,157,75,101,141,15,28,56,75,95,43,52,0,357,256,175,37,197,72,43,30,0,6,240,1275,932,4059,341,0.9110794103661436,0.08892058963385639,1413,Construction
Merrimac,merrimac,116477,2140,570,531300,6707,6368,0,0,42,343,350,125,68,124,59,61,77,111,150,222,183,88,43,63,133,244,198,90,66,13,414,358,175,0,91,57,157,144,0,68,237,1207,1591,3909,339,0.7896678966789668,0.21033210332103322,1714,Construction
Methuen Town,methuen,103270,13678,5138,472200,53043,31503,2916,1968,17388,1094,1743,1391,1048,1546,2119,973,622,650,773,1074,751,342,335,737,845,1389,967,401,743,10,1756,2294,1075,270,2233,767,924,389,56,364,1187,10536,9007,33500,16656,0.7269345238095238,0.27306547619047616,11325,Manufacturing
Middleborough,middleborough,91914,7546,2250,426800,24360,22207,252,363,1080,498,740,622,612,581,509,445,177,306,378,623,538,182,153,385,350,895,577,352,364,30,1426,562,547,150,693,202,221,303,0,58,717,4184,5103,15073,1538,0.7703144140465497,0.2296855859534504,4909,Construction
Middlefield,middlefield,89063,161,11,293500,373,324,0,0,26,0,1,4,2,0,0,13,0,16,26,7,5,2,2,12,22,7,7,2,0,0,32,41,0,0,33,5,0,4,0,3,1,20,108,245,49,0.936046511627907,0.06395348837209303,119,Manufacturing
Middleton,middleton,171458,3065,251,713000,9727,8227,221,518,649,201,327,280,134,179,232,141,0,102,138,139,240,54,56,102,198,293,160,110,205,10,368,374,321,19,478,117,180,189,0,77,285,1494,1797,6436,761,0.9243063932448733,0.07569360675512665,2418,Information
Milford,milford,92726,7725,3609,442500,30304,20862,984,709,4613,1066,1188,923,483,834,642,447,268,254,348,811,501,287,137,344,471,974,557,355,417,32,2865,846,321,151,1270,393,524,278,0,278,953,5851,5456,18997,7749,0.681577554261514,0.318422445738486,7911,Construction
Millbury,millbury,116000,3910,1382,415600,13899,11493,122,713,718,349,555,217,194,351,443,395,74,117,275,307,204,115,182,190,342,314,340,160,154,0,661,368,400,99,539,77,214,137,0,52,404,2578,2700,8621,1571,0.7388510959939532,0.26114890400604684,2951,Construction
Millis,millis,149021,2829,554,570300,8699,7564,116,346,176,262,183,212,165,179,233,226,76,31,345,227,195,57,64,249,247,269,249,33,64,0,285,219,156,125,421,213,78,27,0,0,149,1536,2030,5133,673,0.83624002364765,0.16375997635234998,1673,Information
Millville,millville,115789,1082,140,418000,3156,2870,38,24,39,61,75,127,85,58,71,61,25,46,17,43,17,84,23,35,47,45,22,107,33,5,163,195,78,21,102,63,35,10,5,34,72,563,519,2074,224,0.8854337152209493,0.11456628477905073,783,Manufacturing
Milton,milton,178053,7738,1401,896500,28481,20418,4121,1782,983,566,1138,1168,714,1111,1098,827,712,486,335,384,230,309,157,210,519,713,452,381,358,0,483,689,336,184,1271,194,715,266,0,60,401,7334,4534,16613,2160,0.8467009519641099,0.15329904803589015,4599,Information
Monroe,monroe,64375,43,12,147900,115,103,0,0,11,4,0,0,0,5,0,5,0,3,1,0,9,1,0,1,1,7,8,1,4,0,0,10,9,0,0,0,0,0,0,0,0,14,36,65,12,0.7818181818181819,0.21818181818181817,19,Manufacturing
Monson,monson,84067,2830,559,315500,8126,7574,53,133,413,183,159,216,159,127,258,125,81,81,139,320,202,60,89,96,113,418,133,165,82,0,264,437,81,9,100,28,59,153,3,6,312,1308,1898,4920,366,0.8350545883741517,0.16494541162584833,1452,Manufacturing
Montague,montague,72344,2263,1449,262100,8501,7645,39,101,408,294,234,207,101,218,140,211,30,176,167,254,138,72,103,82,120,246,207,82,127,86,245,391,132,96,156,103,69,110,7,42,237,1435,1774,5292,716,0.6096443965517241,0.39035560344827586,1674,Manufacturing
Monterey,monterey,131111,383,15,555200,1030,948,9,3,70,11,8,16,33,10,24,41,4,17,28,24,40,24,75,7,23,2,40,14,108,2,86,3,8,0,10,10,93,0,1,0,0,147,402,481,70,0.9623115577889447,0.03768844221105527,213,Professional services
Montgomery,montgomery,125000,350,10,338600,873,817,0,10,0,16,26,5,26,22,19,47,8,24,19,15,20,17,5,17,27,23,18,9,4,0,49,62,24,0,52,26,9,7,2,3,30,169,198,506,46,0.9722222222222222,0.027777777777777776,264,Manufacturing
Mount Washington,mount washington,127813,77,8,593800,191,186,0,0,0,5,6,4,0,0,0,0,0,5,0,12,0,3,3,7,3,7,5,7,0,0,12,3,0,6,13,0,2,0,0,4,13,15,52,124,5,0.9058823529411765,0.09411764705882353,53,Information
Nahant,nahant,111004,1350,254,686000,3328,3063,60,27,41,131,73,35,23,15,25,47,0,61,32,172,44,66,33,136,80,246,78,31,99,22,110,69,65,18,167,28,54,40,0,55,75,349,1078,1901,178,0.8416458852867831,0.15835411471321695,703,Information
Nantucket,nantucket,119750,3861,1187,1387000,14299,10125,1333,255,2347,313,527,477,335,334,326,257,164,143,209,340,155,190,54,155,193,344,221,79,134,27,1346,232,96,16,499,170,364,113,41,63,389,2733,2217,9349,2586,0.7648573692551506,0.23514263074484945,3356,Construction
Natick,natick,134591,10404,5005,740700,36627,28363,543,4888,1247,1124,1157,1051,801,1301,1073,561,304,500,571,797,363,346,442,418,668,913,551,719,667,20,836,864,244,288,3131,674,679,215,0,68,982,7372,6955,22300,2833,0.6751898241287559,0.32481017587124406,8001,Information
Needham,needham,212241,9612,1789,1146000,32059,26185,471,3381,1188,678,1361,1343,827,1504,1605,885,284,372,485,598,422,315,436,337,525,673,458,245,758,36,223,682,178,298,2384,176,814,263,111,76,389,8487,5624,17948,2022,0.8430839400052627,0.15691605999473732,5630,Information
New Ashford,new ashford,81500,83,19,360400,244,227,6,1,3,0,3,3,4,0,3,4,0,0,6,16,4,1,1,0,11,10,9,8,5,10,2,10,4,0,16,7,1,0,0,0,15,17,71,156,10,0.8137254901960784,0.18627450980392157,65,Information
New Bedford,new bedford,56025,16880,25353,324400,100731,57925,6025,1551,24717,3709,3716,3405,2165,2709,3005,2258,932,1182,1276,1907,1041,710,913,1215,1180,2731,1332,1122,1344,579,3766,3587,1732,416,2054,1277,1859,869,103,361,2536,21899,15953,62879,35230,0.3996874482040111,0.600312551795989,19139,Construction
New Braintree,new braintree,99375,326,54,387200,925,865,25,3,3,12,5,22,18,29,46,28,10,37,34,39,14,12,4,15,29,23,11,4,8,5,31,34,46,0,22,9,5,3,6,0,25,170,230,525,32,0.8578947368421053,0.14210526315789473,186,Wholesale trade
New Marlborough,new marlborough,94038,613,57,486800,1675,1578,39,0,145,41,10,45,31,77,32,69,16,29,22,60,55,38,14,22,43,52,40,26,17,16,66,33,17,13,109,36,22,19,0,26,76,321,418,936,58,0.9149253731343283,0.08507462686567165,433,Information
New Salem,new salem,78611,395,55,346800,1058,847,9,6,27,16,16,10,64,3,19,0,3,18,16,28,22,22,6,14,37,44,10,17,20,34,104,74,13,3,8,3,12,5,0,0,20,131,254,673,196,0.8777777777777778,0.12222222222222222,276,Construction
Newbury,newbury,176196,2240,348,776100,6729,6255,0,120,127,64,160,104,163,347,80,126,26,99,255,153,161,42,0,109,415,165,165,83,78,48,384,298,41,27,655,144,149,60,57,23,170,1070,1725,3934,354,0.865533230293663,0.13446676970633695,2056,Information
Newburyport,newburyport,144259,5939,1853,792400,18444,17097,77,129,740,300,614,693,224,643,954,256,196,247,256,492,430,200,110,270,485,675,382,189,494,0,488,558,283,119,1054,155,293,167,7,172,370,3880,4230,10334,1141,0.7621919917864476,0.23780800821355236,3666,Information
Newton,newton,184989,22530,9200,1202500,88504,62901,1986,14690,4287,1894,2670,2765,2219,2244,3056,1836,2215,1133,1381,2141,1435,663,854,978,1592,2605,1705,1077,1375,171,1105,1874,667,697,6342,414,3065,690,13,147,1387,18899,16939,52666,8927,0.7100535770564135,0.2899464229435865,16572,Information
Norfolk,norfolk,197379,3197,164,694300,11556,9601,758,257,507,311,616,415,168,215,477,285,50,186,133,220,116,88,21,124,189,190,171,31,68,0,256,213,63,182,529,73,171,42,0,90,225,2537,1537,7482,940,0.9512049985123475,0.048795001487652485,1844,Information
North Adams,north adams,48521,3066,2697,185300,12660,11266,160,395,776,208,422,398,233,174,291,149,162,120,305,555,174,186,87,203,124,432,370,121,191,0,395,279,208,45,196,49,174,74,0,0,336,2037,2868,7755,839,0.5320145757418011,0.46798542425819883,1756,Construction
North Andover,north andover,134319,8048,3473,670000,31024,25356,956,2009,2531,969,969,1078,676,708,1087,587,506,464,536,513,249,97,361,348,470,652,295,420,534,75,719,1503,418,226,1711,276,476,171,16,104,874,6580,4939,19505,2703,0.6985504730492145,0.30144952695078553,6569,Information
North Attleborough Town,north attleboro,109426,9152,3703,462700,30842,26709,592,1615,1122,666,725,964,640,838,1143,726,377,366,614,818,314,143,359,454,490,680,415,221,239,21,745,1277,573,174,1140,243,426,507,13,122,1019,6079,5113,19650,1926,0.7119408790353948,0.28805912096460523,6260,Manufacturing
North Brookfield,north brookfield,81010,1355,542,316500,4739,4512,46,6,42,121,39,127,164,56,218,33,52,48,62,156,36,48,56,95,43,132,23,197,39,53,143,426,84,32,92,21,20,59,6,0,105,810,935,2994,175,0.7142857142857143,0.2857142857142857,1041,Manufacturing
North Reading,north reading,150820,4910,946,680000,15634,13774,72,848,326,335,508,589,379,391,480,412,91,133,226,191,221,63,34,158,302,325,233,200,152,8,913,373,104,176,753,83,121,61,0,100,531,3185,2238,10211,940,0.8384562841530054,0.16154371584699453,3223,Construction
Northampton,northampton,78467,7231,5293,398000,28640,23755,607,1093,2732,499,524,665,587,638,722,383,1334,201,562,624,509,232,137,445,691,1054,597,407,425,23,419,666,378,230,1221,190,548,190,29,19,371,5352,5884,17404,3185,0.5773714468221016,0.42262855317789844,4284,Information
Northborough,northborough,174358,4881,834,598500,15694,12100,563,1724,360,225,404,632,375,349,497,522,23,166,230,449,152,90,95,263,275,346,258,144,164,14,143,689,128,59,1113,43,390,185,27,56,409,3027,2632,10035,1307,0.8540682414698163,0.14593175853018373,3256,Information
Northbridge,northbridge,103355,4512,2218,429600,16358,14454,270,191,1484,304,435,752,310,560,548,342,216,242,216,417,123,95,128,197,248,428,226,178,190,34,339,720,403,107,663,222,288,112,0,30,669,3467,2688,10203,1443,0.6704309063893016,0.32956909361069836,3587,Manufacturing
Northfield,northfield,102470,1122,149,337200,2875,2725,15,1,113,14,44,81,116,53,80,63,39,32,54,73,65,8,59,56,58,130,43,15,61,47,28,102,40,0,159,9,60,33,11,33,78,490,654,1731,134,0.8827694728560189,0.11723052714398112,600,Information
Norton,norton,127404,5541,1017,476900,19155,17128,762,346,838,380,493,402,292,440,496,561,461,177,354,340,247,149,125,331,259,428,244,182,213,6,581,711,307,77,677,253,366,194,11,33,597,3525,3049,12581,919,0.8449222323879232,0.15507776761207684,3813,Manufacturing
Norwell,norwell,182637,3333,310,799600,11309,10267,65,346,374,436,485,347,573,310,410,188,199,52,133,249,161,51,82,197,142,234,232,99,114,50,408,283,126,99,555,125,185,107,0,20,348,2948,1746,6615,631,0.9149052978314576,0.08509470216854241,2306,Information
Norwood,norwood,97110,6884,6415,613500,31380,22917,2185,2132,2867,1130,739,912,488,784,755,476,347,206,379,666,431,332,411,442,478,803,603,415,703,0,1148,727,503,131,1495,485,438,235,0,34,744,5631,5869,19880,4146,0.5176329047296789,0.48236709527032107,5940,Information
Oak Bluffs,oak bluffs,117927,1466,598,893000,5370,4421,253,0,67,111,122,338,104,20,190,192,0,158,58,339,16,50,68,55,71,269,206,42,27,0,529,69,0,0,310,143,0,48,0,34,88,1077,1359,2934,696,0.7102713178294574,0.28972868217054265,1221,Construction
Oakham,oakham,96207,573,67,379600,1623,1484,32,0,20,29,50,60,10,57,26,33,8,32,33,60,24,5,5,22,52,55,24,7,11,10,83,37,42,7,31,12,14,12,13,7,37,273,330,1020,107,0.8953125,0.1046875,305,Construction
Orange,orange,54105,2043,1010,223900,7583,6913,51,47,539,133,244,150,190,190,404,146,77,103,197,223,166,36,7,148,240,197,67,56,130,9,187,372,39,22,93,66,141,53,11,13,145,1534,1570,4479,572,0.6691778578447429,0.3308221421552571,1151,Manufacturing
Orleans,orleans,98798,2344,658,816700,6342,6141,0,47,81,113,34,152,143,96,88,101,63,193,358,263,292,130,92,106,290,552,274,201,225,34,292,27,58,43,336,126,86,34,0,46,83,790,2976,2576,154,0.7808127914723517,0.21918720852764823,1165,Information
Otis,otis,104089,652,99,374500,1678,1626,0,4,23,25,45,60,49,0,29,0,9,14,70,36,50,51,12,15,53,67,63,15,13,3,88,48,29,12,54,13,13,32,0,3,72,217,459,1002,48,0.8681757656458056,0.1318242343541944,367,Construction
Oxford,oxford,104000,3963,919,345000,13349,12078,137,103,721,257,365,458,295,533,383,259,252,153,203,316,145,106,67,92,95,286,168,199,194,0,559,549,247,84,270,46,241,180,49,21,365,2802,2024,8523,1031,0.8117574764440803,0.1882425235559197,2611,Construction
Palmer Town,palmer,78789,3882,1664,255000,12372,10757,394,30,579,174,75,246,194,301,228,176,136,177,320,256,265,0,143,191,211,307,376,149,179,35,219,575,360,137,369,306,319,40,0,56,520,1530,2574,8268,1191,0.6999639379733141,0.3000360620266859,2936,Manufacturing
Paxton,paxton,133750,1474,159,464700,4996,4561,97,53,269,155,42,266,48,92,108,66,197,49,97,146,72,17,52,55,65,181,50,59,39,0,206,248,41,27,193,45,76,57,0,17,118,974,882,3140,285,0.90263319044703,0.09736680955296999,1028,Manufacturing
Peabody,peabody,95278,14746,7723,566200,54180,43313,1937,1085,6719,1479,1387,946,940,1206,1346,582,565,923,1044,1236,821,561,862,757,894,1637,1486,808,2136,7,1354,1735,1100,154,1380,583,978,511,9,201,1169,8451,13165,32564,7845,0.6562819885175131,0.343718011482487,9181,Manufacturing
Pelham,pelham,121667,437,137,412800,1332,1055,152,15,86,28,45,30,34,27,41,33,5,14,25,43,40,10,12,13,27,74,28,21,41,0,54,23,4,5,65,6,7,2,3,0,11,243,348,741,110,0.7613240418118467,0.23867595818815332,180,Information
Pembroke,pembroke,141332,6210,795,550300,18335,17180,83,253,369,485,394,479,449,294,698,312,211,546,286,381,297,51,51,277,386,448,373,230,116,0,1094,266,264,71,740,275,183,75,30,163,578,3322,3442,11571,819,0.8865096359743041,0.11349036402569593,3739,Construction
Pepperell,pepperell,126976,3593,720,459800,11656,10085,313,659,403,268,267,220,247,338,324,181,218,141,243,303,75,91,55,242,238,388,62,52,79,18,510,613,233,19,648,59,102,125,9,10,241,2063,1969,7624,599,0.8330628332946904,0.16693716670530953,2587,Information
Peru,peru,83125,273,4,255400,631,599,0,12,3,11,10,15,2,18,28,4,7,3,13,33,16,5,1,25,30,34,0,0,0,0,43,36,12,6,21,13,15,7,0,4,14,95,160,376,20,0.9855595667870036,0.01444043321299639,171,Construction
Petersham,petersham,107656,420,43,375000,1173,1038,8,7,46,17,43,21,4,44,16,10,6,19,68,33,21,5,22,30,34,40,46,6,3,10,51,83,19,0,27,18,18,21,7,3,10,161,327,685,120,0.9071274298056156,0.09287257019438445,267,Manufacturing
Phillipston,phillipston,92027,647,62,339300,1915,1871,4,0,15,59,24,45,20,33,117,27,21,39,37,68,19,13,0,32,30,51,34,12,9,13,100,69,63,6,28,3,21,6,7,11,43,346,344,1225,40,0.9125528913963329,0.08744710860366714,370,Construction
Pittsfield,pittsfield,68386,12068,7498,233700,43559,34828,2300,612,3915,1309,1067,1100,707,884,1093,629,438,718,810,1018,641,590,319,720,830,1058,827,529,702,149,821,1368,419,164,1320,386,972,493,60,172,1436,7227,8762,27570,5819,0.6167842175201881,0.3832157824798119,7760,Public administration
Plainfield,plainfield,78750,244,17,278900,623,548,1,1,12,5,20,11,12,14,46,5,4,14,14,31,23,11,9,8,21,25,23,2,7,2,18,26,9,5,18,16,11,31,3,7,10,117,188,318,73,0.9348659003831418,0.06513409961685823,156,Education and health
Plainville,plainville,95625,2709,1491,461200,9872,7999,635,266,970,290,254,277,239,159,264,113,52,74,228,374,99,99,94,162,239,288,211,169,71,28,612,344,126,51,367,33,132,67,22,99,177,1648,2108,6116,972,0.645,0.355,2058,Construction
Plymouth,plymouth,111975,20596,5226,494700,62656,55807,763,670,2247,1501,1617,1380,852,1537,1352,1157,641,816,1350,1837,1506,672,569,977,1738,2287,1506,865,964,44,2060,1416,818,295,2984,1029,687,666,143,279,1729,10037,15087,37532,5416,0.7976144373015258,0.20238556269847416,12150,Information
Plympton,plympton,119750,990,58,499300,2934,2845,38,0,12,77,128,126,17,72,150,20,34,26,29,139,64,14,6,53,116,67,52,24,62,13,202,37,131,0,51,6,35,40,8,31,66,624,652,1658,51,0.9446564885496184,0.05534351145038168,620,Construction
Princeton,princeton,150577,1262,62,496400,3500,3296,12,0,77,54,164,54,34,130,117,48,14,41,114,139,56,35,12,69,82,77,35,32,17,10,62,118,66,20,270,50,69,23,20,35,86,615,709,2176,192,0.9531722054380665,0.04682779456193353,829,Information
Provincetown,provincetown,104500,1448,586,769500,3681,2783,244,77,452,123,56,33,19,14,8,12,0,67,20,100,115,40,42,124,78,173,54,81,57,25,104,110,80,39,231,20,102,33,0,0,165,265,951,2465,577,0.711897738446411,0.288102261553589,909,Information
Quincy,quincy,95711,20489,25082,598100,101361,56330,6537,29630,5841,2834,2238,2344,1219,1545,1938,1014,649,1295,1985,2104,1209,826,767,1418,1828,1981,1661,1132,1745,65,1910,1878,2258,989,5361,1072,2521,1070,26,364,2365,13781,17951,69629,8864,0.4496061091483619,0.5503938908516381,19879,Information
Randolph Town,randolph,103129,8779,3853,463500,34683,10219,14528,4510,4565,589,873,1093,767,731,1079,432,285,413,430,797,282,271,295,445,655,849,615,372,655,17,709,1037,1156,237,1349,297,1274,164,0,15,547,5849,6079,22755,5426,0.6949810006333123,0.3050189993666878,6802,Information
Raynham,raynham,117950,4511,1388,508600,15273,12849,807,338,361,331,634,403,116,456,531,354,256,181,293,388,227,163,144,148,204,447,202,287,353,0,568,512,348,74,485,186,245,11,0,47,488,3081,3037,9155,1279,0.7647058823529411,0.23529411764705882,2964,Construction
Reading,reading,163725,7956,1618,741100,25448,22161,75,1585,1171,769,997,780,478,654,940,608,282,493,352,446,449,210,209,407,680,731,610,239,383,26,490,1187,233,275,1385,135,317,118,10,134,492,5508,5209,14731,1627,0.8310006266973052,0.1689993733026948,4802,Information
Rehoboth,rehoboth,126161,4213,430,487000,12809,12203,52,182,445,236,247,464,379,403,182,160,114,185,322,234,222,141,69,136,296,406,288,104,63,87,719,684,159,50,400,179,293,337,24,47,203,2185,2466,8158,372,0.9073874650010769,0.09261253499892311,3182,Construction
Revere,revere,81121,10777,10735,566200,59933,33794,2913,2520,23162,1847,1626,901,1199,1741,2107,819,733,658,857,851,571,479,524,575,963,1333,807,709,900,53,2940,1133,1830,175,2805,1335,1114,675,0,223,1441,10973,9227,39733,20706,0.5009761993306062,0.49902380066939384,13724,Construction
Richmond,richmond,96923,532,66,537700,1392,1283,52,10,20,11,46,25,6,72,26,15,0,23,37,78,19,46,12,56,45,76,54,24,16,19,15,25,58,21,44,12,39,13,0,6,19,201,486,705,47,0.8896321070234113,0.11036789297658862,271,Wholesale trade
Rochester,rochester,119239,1867,258,541600,5770,5232,18,1,42,180,71,287,83,62,184,179,93,170,105,227,43,30,31,12,112,325,56,14,65,113,278,148,121,44,122,18,84,118,7,40,74,1139,1190,3441,519,0.8785882352941177,0.12141176470588236,1167,Construction
Rockland,rockland,101475,5201,1461,452300,17709,14951,732,131,935,847,485,357,276,602,556,253,154,110,156,452,235,82,21,110,341,511,253,215,203,0,518,402,514,30,875,401,531,206,0,49,578,3530,2689,11490,1895,0.7806964875412788,0.2193035124587211,4104,Information
Rockport,rockport,93227,2257,1006,692500,6977,6587,40,16,165,215,63,91,80,85,105,163,30,198,223,480,197,128,160,222,188,566,163,118,132,20,255,116,46,72,248,110,65,95,50,40,89,832,2775,3370,334,0.6916947594238431,0.30830524057615694,1206,Construction
Rowe,rowe,87917,166,14,262100,469,393,0,2,15,9,30,22,5,14,11,11,4,13,7,17,12,9,3,8,20,12,6,7,8,10,21,12,9,2,7,3,6,0,1,1,4,106,122,241,74,0.9222222222222223,0.07777777777777778,76,Construction
Rowley,rowley,117177,1987,441,633900,6214,5892,0,93,18,103,152,284,44,143,166,204,36,69,124,118,75,46,68,162,162,134,65,170,113,19,284,254,75,16,236,0,120,130,0,75,191,1132,1306,3776,229,0.8183690280065898,0.18163097199341022,1400,Construction
Royalston,royalston,101705,497,51,324000,1500,1397,5,5,35,83,112,30,35,16,15,27,5,47,24,47,25,12,0,33,24,43,14,0,6,14,65,92,43,3,51,22,8,5,0,0,14,323,275,902,93,0.906934306569343,0.09306569343065693,317,Manufacturing
Russell,russell,105833,483,67,285100,1264,1141,29,1,53,19,23,34,20,0,23,11,30,9,24,28,4,11,2,8,26,43,11,19,3,2,103,94,38,4,7,4,16,2,0,8,41,160,188,916,93,0.8781818181818182,0.12181818181818181,319,Construction
Rutland,rutland,155504,2736,355,439200,9202,8539,74,228,387,171,266,594,410,346,231,181,233,142,102,152,106,29,42,97,133,160,65,90,72,147,260,157,112,125,231,34,167,93,14,0,442,2432,1190,5580,361,0.8851504367518602,0.11484956324813976,1782,Public administration
Salem,salem,85137,10163,9626,497400,44241,33262,2403,1444,8597,903,929,1254,548,1092,927,480,990,365,494,944,691,318,131,605,843,1235,618,354,689,37,907,966,865,399,2311,626,772,343,0,152,1371,7123,7287,29831,7132,0.5135681439183385,0.4864318560816615,8749,Information
Salisbury,salisbury,102521,3016,1019,450100,9217,8086,114,176,542,304,99,160,180,79,234,137,192,161,126,270,230,164,73,169,194,333,216,198,110,0,309,353,94,24,235,137,149,93,7,0,130,1385,2244,5588,841,0.7474597273853779,0.25254027261462203,1531,Manufacturing
Sandisfield,sandisfield,88250,331,12,338400,888,808,17,2,42,10,14,25,5,15,32,7,1,22,16,36,22,20,32,12,28,21,36,8,27,12,66,12,19,3,13,7,17,9,2,3,33,109,280,499,61,0.9650145772594753,0.03498542274052478,196,Construction
Sandwich,sandwich,118799,7266,830,545000,20422,18916,239,402,341,416,594,566,432,445,624,285,144,603,419,714,346,200,108,579,580,687,570,284,271,56,1026,339,121,121,857,295,212,84,6,202,531,3506,5361,11555,865,0.8974802371541502,0.10251976284584981,3850,Construction
Saugus,saugus,100819,7908,2793,589500,28599,22187,1381,823,3508,685,570,736,514,692,630,526,181,426,580,594,555,353,198,450,481,881,577,533,566,0,1233,720,865,255,1253,601,237,349,0,89,936,4534,6194,17871,4208,0.7389963554807962,0.2610036445192038,6538,Information
Savoy,savoy,55000,339,27,267200,733,712,3,0,12,4,0,49,9,9,12,11,2,14,37,27,9,6,26,31,19,24,17,3,10,0,26,41,6,1,13,2,6,28,0,5,6,96,223,414,18,0.9262295081967213,0.07377049180327869,134,Manufacturing
Scituate,scituate,131861,6845,890,789000,19145,17731,24,461,221,455,604,521,292,725,634,362,319,139,398,493,409,236,133,381,305,716,496,224,385,152,568,271,70,113,1355,204,198,196,9,0,330,3912,4315,10918,929,0.8849385908209437,0.11506140917905623,3466,Information
Seekonk,seekonk,116310,4977,870,461600,15573,13825,421,84,778,193,421,698,400,242,425,426,109,153,409,266,177,205,68,169,366,375,234,202,83,36,383,552,237,87,568,366,429,263,0,108,374,2914,2707,9952,1243,0.8512057465366855,0.1487942534633145,3403,Information
Sharon,sharon,183724,5597,857,697900,18478,13151,605,3407,701,501,848,619,616,792,692,319,175,186,367,270,215,361,114,177,407,423,355,88,265,24,76,641,45,171,1181,116,557,106,0,34,201,4562,3228,10688,1315,0.8672141307716145,0.1327858692283855,3152,Information
Sheffield,sheffield,83889,1105,343,400700,3328,3165,2,66,116,35,48,54,14,96,99,17,92,59,61,83,60,76,5,97,82,122,73,76,25,25,256,233,20,9,191,162,18,20,21,10,144,455,819,2054,95,0.763121546961326,0.23687845303867403,1109,Construction
Shelburne,shelburne,79676,452,295,371100,1476,1256,10,24,101,11,23,16,25,53,24,16,0,43,36,101,40,8,15,41,82,86,69,23,45,4,29,104,28,0,55,0,17,0,2,0,28,168,589,719,186,0.6050870147255689,0.3949129852744311,267,Manufacturing
Sherborn,sherborn,247500,1351,161,944400,4404,3567,21,402,84,258,164,210,146,97,253,85,39,6,120,53,65,31,20,85,34,104,78,27,47,26,61,97,17,36,365,31,53,26,0,53,40,1252,670,2482,414,0.8935185185185185,0.10648148148148148,805,Information
Shirley,shirley,121875,1978,426,412700,7017,5784,461,177,643,208,201,167,100,128,170,59,0,191,158,180,93,2,162,66,118,40,98,28,216,0,79,509,123,45,312,64,11,45,0,25,138,1033,1352,4632,595,0.8227953410981698,0.1772046589018303,1351,Manufacturing
Shrewsbury,shrewsbury,136225,10462,4046,555500,38440,24642,1201,9090,1791,1003,1192,1197,938,1024,1572,933,500,346,679,745,491,348,246,476,445,795,432,410,614,31,527,1993,507,199,2462,314,802,337,67,164,886,8359,6027,24054,3507,0.721119382409705,0.27888061759029503,8289,Information
Shutesbury,shutesbury,108021,703,58,335100,1867,1661,16,10,184,29,18,28,40,29,66,21,30,51,71,37,38,9,9,38,86,80,16,6,17,11,30,42,4,9,87,25,25,3,2,11,57,261,458,1148,180,0.923784494086728,0.07621550591327202,306,Information
Somerset,somerset,111720,6208,1144,389400,18246,16888,72,439,338,286,570,469,291,570,530,291,114,137,317,481,368,215,350,306,436,576,460,300,576,64,367,609,446,32,565,153,336,130,27,15,328,3121,4522,10603,847,0.8443960826985855,0.15560391730141457,3072,Manufacturing
Somerville,somerville,127056,12155,23272,899400,80549,56011,3692,9426,9181,1502,970,1180,589,1129,911,437,1071,467,666,922,627,195,264,576,880,1204,813,491,556,21,1472,3190,1163,1282,8329,854,1605,515,52,181,1593,7789,7661,65099,11420,0.3430998955598837,0.6569001044401163,20257,Information
South Hadley,south hadley,93646,5573,1673,324800,17410,15391,239,838,1226,297,314,454,262,439,284,261,1101,157,273,630,411,184,202,255,396,437,338,379,375,0,441,493,264,49,520,120,247,130,0,26,343,3412,4037,9961,942,0.7691139939276842,0.23088600607231577,2633,Information
Southampton,southampton,125534,2207,257,426900,6212,5626,17,77,200,131,276,194,39,192,77,99,44,96,195,187,148,63,0,79,99,373,35,61,21,13,204,348,103,54,179,15,127,40,7,29,129,1052,1357,3803,492,0.895698051948052,0.10430194805194805,1248,Manufacturing
Southborough,southborough,192006,3311,400,796700,10441,7816,82,1661,386,211,271,493,188,409,370,380,64,82,116,135,61,75,34,104,222,76,184,142,130,0,300,511,81,120,680,42,215,49,30,28,254,2386,1361,6694,882,0.8922123416868768,0.10778765831312315,2310,Information
Southbridge Town,southbridge,59397,3213,4043,267000,17806,11705,808,134,7160,352,660,345,507,403,626,336,208,155,221,406,149,80,47,143,271,407,298,185,201,34,616,758,235,43,592,130,333,184,10,58,587,3437,2563,11806,5159,0.442805953693495,0.5571940463065049,3580,Manufacturing
Southwick,southwick,108833,3096,714,375700,9222,8424,43,90,431,47,224,358,209,169,319,101,61,153,206,257,188,68,52,184,193,366,143,98,111,71,402,685,206,35,202,66,67,142,23,42,379,1488,2019,5715,665,0.8125984251968504,0.18740157480314962,2320,Manufacturing
Spencer,spencer,79086,3345,1790,368300,11961,11016,94,65,529,276,157,537,119,385,265,85,14,494,145,540,258,189,123,162,244,263,399,129,153,16,512,561,240,80,252,127,110,216,0,66,294,1838,3099,7024,786,0.6514118792599806,0.3485881207400195,2474,Manufacturing
Springfield,springfield,51339,28727,29319,222700,154751,63194,30911,4343,73362,5585,5174,5612,3178,6025,4100,3264,3049,1413,2148,2122,1434,713,817,1621,1946,3263,2021,1419,1562,216,2236,4474,3680,321,2329,1333,4131,1651,135,187,2740,35987,20479,98285,56303,0.49490059607897186,0.5050994039210281,23433,Manufacturing
Sterling,sterling,136027,2882,401,467400,8111,7308,76,13,481,95,72,496,288,202,260,28,44,54,259,263,136,125,10,36,179,347,227,88,56,37,330,456,43,39,491,68,169,119,11,16,127,1485,1780,4846,714,0.8778556198598843,0.12214438014011575,1906,Information
Stockbridge,stockbridge,131667,587,175,542300,1885,1766,52,8,32,35,0,10,34,4,31,0,8,63,125,103,46,68,63,55,105,107,57,55,74,0,74,13,40,5,102,31,21,5,0,0,9,122,921,842,59,0.7703412073490814,0.22965879265091863,300,Information
Stoneham,stoneham,112635,6769,2751,629000,22986,19086,203,1626,1067,712,726,656,199,501,655,344,65,387,300,486,412,305,286,152,293,866,423,298,544,0,666,623,331,252,1332,322,432,240,0,155,398,3858,4752,14376,2071,0.7110294117647059,0.2889705882352941,4751,Information
Stoughton,stoughton,104164,8392,2469,496700,29074,17546,5343,1691,1310,637,647,764,663,875,802,522,264,436,389,877,339,125,240,377,551,1012,426,293,582,63,1154,1004,556,144,897,280,675,361,0,171,964,5174,5647,18253,4494,0.7726728662185802,0.22732713378141975,6269,Construction
Stow,stow,177862,2336,395,657900,7109,5933,225,384,184,157,201,303,250,233,217,139,73,135,97,125,109,55,53,138,72,253,121,25,134,7,167,289,90,78,469,40,102,30,21,15,71,1573,1317,4219,567,0.8553643354082754,0.14463566459172464,1379,Information
Sturbridge,sturbridge,129606,3468,563,397000,9889,8972,152,245,314,142,255,445,284,355,314,134,45,88,177,340,115,83,85,153,118,366,240,74,65,0,261,439,151,0,317,55,259,25,6,0,225,1974,1904,6011,520,0.8603324237161994,0.13966757628380055,1738,Manufacturing
Sudbury,sudbury,234634,5707,620,939400,19067,15301,509,1972,693,735,725,738,434,549,738,917,96,210,192,305,304,124,111,200,203,449,307,208,364,0,168,510,52,168,1877,218,304,147,0,50,327,4932,2977,11158,1285,0.9020072704283231,0.09799272957167694,3821,Information
Sunderland,sunderland,61442,720,1068,391200,3653,2727,113,583,210,49,0,77,27,32,60,54,77,70,45,78,16,18,36,43,54,93,65,36,51,45,64,37,59,40,172,77,24,0,0,0,25,376,605,2672,230,0.40268456375838924,0.5973154362416108,543,Information
Sutton,sutton,156215,2819,428,523000,9383,8448,77,112,402,186,188,198,249,268,277,276,55,57,244,279,159,100,7,145,185,200,85,78,44,17,459,393,128,51,507,188,150,97,0,49,308,1697,1583,6103,746,0.8681860178626425,0.13181398213735757,2347,Information
Swampscott,swampscott,128964,4664,1633,690800,15209,13337,416,479,1106,406,369,480,243,396,378,131,68,133,244,396,214,140,157,163,361,325,316,147,340,20,317,284,323,55,725,174,252,53,0,69,244,2471,2936,9802,977,0.7406701603938384,0.2593298396061617,2516,Information
Swansea,swansea,116627,5839,902,414900,17231,15478,234,161,1192,459,390,456,425,639,405,148,58,81,268,433,336,113,141,345,475,566,567,193,255,0,927,790,199,183,435,136,193,194,0,69,621,2980,3773,10478,1358,0.8661919596499036,0.1338080403500964,3747,Construction
Taunton,taunton,79715,15017,8854,388200,59719,44511,4225,880,5435,1825,1362,2077,1253,1667,2052,1155,292,592,672,1108,577,481,421,770,848,942,1033,644,701,26,2470,1995,1197,213,1704,699,600,737,41,240,2337,11683,8789,39247,10103,0.6290896904193373,0.37091030958066273,12259,Construction
Templeton,templeton,103277,2689,436,324800,8187,7589,33,78,446,507,121,357,47,208,257,274,59,63,122,172,62,54,0,71,96,293,78,111,49,0,303,494,165,49,298,218,107,17,27,32,194,1830,1171,5186,487,0.86048,0.13952,1904,Manufacturing
Tewksbury,tewksbury,125966,10140,1793,543800,31168,27632,781,1215,1307,580,857,785,433,468,768,453,281,278,635,612,742,209,256,506,483,994,653,266,627,11,1304,1329,556,216,1252,162,918,243,12,144,609,4625,6261,20282,1540,0.8497444062683315,0.15025559373166847,6756,Manufacturing
Tisbury,tisbury,70724,1171,715,943300,4860,3578,64,221,484,40,134,35,102,151,104,86,89,8,235,51,78,35,93,83,0,187,115,38,222,23,429,103,119,0,632,395,41,120,0,37,124,741,1145,2974,997,0.6208907741251326,0.37910922587486745,2023,Information
Tolland,tolland,106458,189,20,331700,475,460,2,0,4,0,19,13,17,7,18,0,0,9,10,23,17,2,4,8,6,14,11,2,0,0,17,31,15,0,13,13,12,1,0,0,3,74,106,295,13,0.9043062200956937,0.09569377990430622,105,Manufacturing
Topsfield,topsfield,176698,2030,215,810400,6535,5712,84,333,370,159,205,182,351,236,156,81,29,33,130,213,151,60,61,135,127,148,134,94,145,0,57,329,22,65,414,29,116,18,18,12,153,1399,1431,3705,406,0.9042316258351893,0.0957683741648107,1233,Information
Townsend,townsend,120238,2885,551,391700,9052,7994,271,299,353,250,297,265,190,322,234,125,75,92,124,237,100,56,18,71,219,319,86,73,87,27,398,462,139,48,338,113,65,150,6,46,236,1758,1482,5812,488,0.839639115250291,0.16036088474970897,2028,Manufacturing
Truro,truro,94637,882,171,771000,1675,1674,0,0,1,0,16,16,0,18,0,0,0,42,55,161,137,0,22,208,44,104,118,47,0,1,10,23,15,0,154,17,21,0,0,0,26,50,938,687,1,0.8376068376068376,0.1623931623931624,267,Information
Tyngsborough,tyngsborough,144375,3606,565,533300,12424,10336,178,938,887,495,305,324,190,519,436,186,259,270,200,288,62,47,33,135,218,198,125,84,40,36,492,557,194,0,839,183,224,77,0,38,316,2714,1700,8010,972,0.864540877487413,0.1354591225125869,2956,Information
Tyringham,tyringham,150000,170,20,613100,459,444,0,0,9,14,9,0,0,10,15,15,0,4,17,18,18,12,5,6,28,19,10,7,5,9,12,3,0,9,28,2,17,7,0,0,7,63,149,247,15,0.8947368421052632,0.10526315789473684,94,Information
Upton,upton,155952,2666,288,561300,8095,7274,97,218,443,175,92,391,234,103,378,241,14,123,186,273,106,29,55,117,184,357,75,68,43,0,222,385,139,17,373,56,53,57,38,86,280,1628,1616,4851,506,0.9025050778605281,0.0974949221394719,1706,Manufacturing
Uxbridge,uxbridge,127083,4407,1068,415500,14318,12881,285,280,431,432,412,465,315,276,304,189,207,205,118,250,179,79,60,183,183,376,245,186,325,51,329,1069,170,74,552,188,186,144,56,29,638,2600,2389,9329,872,0.804931506849315,0.19506849315068492,3486,Manufacturing
Wakefield,wakefield,130320,7795,3271,670100,27284,24005,228,1324,668,1057,743,804,640,688,505,224,239,404,479,543,441,247,277,347,456,581,588,403,487,0,1158,1000,512,206,1359,201,377,136,0,150,566,4900,5253,17131,1727,0.7044099042110971,0.29559009578890294,5665,Information
Wales,wales,93971,700,66,272600,1927,1803,10,6,51,73,90,66,25,59,83,14,9,10,40,47,27,15,8,5,71,60,14,11,3,0,156,98,35,7,32,14,16,39,0,3,35,419,311,1197,108,0.9138381201044387,0.08616187989556136,435,Construction
Walpole,walpole,159720,7736,1631,647600,26294,22523,759,1154,1230,757,910,922,854,933,964,691,292,328,319,496,314,114,277,233,354,677,397,348,460,28,765,644,242,254,1356,236,387,200,15,114,562,6323,4317,15654,1858,0.8258780826305113,0.17412191736948862,4803,Information
Waltham,waltham,116560,12553,13168,705700,64723,40257,4842,8335,11795,1626,1029,903,508,1198,1133,643,1923,381,843,1010,816,630,251,612,1280,1379,1341,703,668,0,1884,2413,701,715,4543,1257,1422,694,44,98,1676,8963,9914,45846,11289,0.48804478830527587,0.5119552116947241,15447,Information
Ware,ware,69666,3317,1171,269400,10012,9192,266,12,555,221,220,123,199,328,252,231,80,72,203,304,162,206,52,81,168,179,253,112,218,20,540,538,181,32,105,40,133,107,0,33,183,1654,2010,6348,542,0.7390819964349377,0.2609180035650624,1912,Construction
Wareham,wareham,82741,8520,1938,398000,23226,18904,342,473,471,475,406,656,179,463,435,333,151,493,524,764,600,238,150,789,514,670,705,520,431,114,1010,599,447,71,581,215,261,272,26,88,823,3098,6398,13730,3507,0.8146873207114171,0.18531267928858292,4507,Construction
Warren,warren,66587,1490,746,339500,4981,4642,68,147,156,81,238,64,117,116,219,88,0,136,0,129,25,20,25,20,145,159,0,50,28,0,73,381,241,0,117,43,0,73,37,0,243,923,737,3321,124,0.6663685152057245,0.3336314847942755,1208,Manufacturing
Warwick,warwick,95000,338,40,301400,861,814,0,9,25,19,19,16,0,14,20,10,8,7,13,20,20,17,0,17,26,25,10,17,9,8,61,73,18,0,15,9,5,7,3,6,28,106,181,574,38,0.8941798941798942,0.10582010582010581,233,Manufacturing
Washington,washington,89345,247,22,358900,533,480,3,26,1,7,22,19,8,1,10,5,0,4,19,29,21,7,6,8,36,20,14,22,3,0,19,35,3,0,29,4,5,15,0,1,5,72,189,272,24,0.9182156133828996,0.08178438661710037,116,Manufacturing
Watertown Town,watertown,123422,7913,8297,737600,35270,25080,1471,4199,2276,800,524,440,467,753,788,332,356,508,634,558,729,282,239,437,500,1109,544,347,435,49,789,910,480,373,2586,408,901,323,0,232,739,4460,6322,24488,4520,0.4881554595928439,0.5118445404071561,7790,Information
Wayland,wayland,221250,4473,475,936900,13826,10520,116,1952,722,364,453,542,305,522,518,342,59,165,217,402,196,140,142,165,258,407,292,120,196,8,236,348,23,173,1352,61,276,80,0,36,290,3105,2700,8021,1238,0.9040016168148747,0.0959983831851253,2883,Information
Webster,webster,68934,4331,3137,339600,17674,13146,1027,303,3390,411,435,547,319,629,493,213,225,146,262,364,390,85,145,213,322,486,384,192,370,81,532,870,408,140,596,395,235,220,15,0,687,3272,3359,11043,3198,0.5799410819496519,0.4200589180503482,4179,Manufacturing
Wellesley,wellesley,250001,7642,1459,1513400,29906,21980,590,4175,1799,707,750,1187,959,898,1135,637,1860,292,301,577,420,231,233,257,337,720,525,346,560,0,267,407,67,245,1707,104,638,132,37,71,322,8133,4799,16974,3161,0.8396879463795187,0.16031205362048126,3997,Information
Wellfleet,wellfleet,114074,1610,314,751000,4371,3947,17,38,70,58,278,23,28,40,212,26,28,17,62,176,77,119,45,107,103,219,190,53,81,37,189,100,38,20,150,12,0,20,0,0,197,693,1249,2429,369,0.8367983367983368,0.1632016632016632,763,Public administration
Wendell,wendell,69213,296,57,265700,816,680,28,13,61,6,26,32,14,15,22,8,0,7,18,21,22,19,7,26,15,19,62,5,0,8,29,9,5,2,48,8,20,9,9,2,26,123,221,472,95,0.8385269121813032,0.16147308781869688,175,Information
Wenham,wenham,187652,1126,189,841800,4930,4509,97,106,261,83,87,176,116,137,122,75,493,70,60,66,65,24,22,25,99,86,95,37,52,0,115,136,36,10,240,61,26,34,0,23,199,1289,701,2940,218,0.8562737642585552,0.14372623574144486,880,Information
West Boylston,west boylston,99674,2339,601,399200,7732,6787,287,64,537,113,247,94,134,140,271,87,42,141,139,299,200,40,58,128,162,286,177,106,241,0,285,342,126,6,227,81,83,46,9,7,196,1128,1977,4627,594,0.795578231292517,0.204421768707483,1408,Manufacturing
West Bridgewater,west bridgewater,124483,2410,466,501000,7682,7050,136,85,153,155,158,165,122,303,187,167,36,91,150,176,117,63,40,48,171,250,166,48,158,11,551,306,153,78,249,84,110,51,18,0,315,1293,1478,4911,411,0.8379694019471489,0.1620305980528512,1926,Construction
West Brookfield,west brookfield,78988,1287,340,333100,3830,3497,0,0,332,71,84,117,92,81,62,50,9,83,129,169,108,86,23,128,57,184,112,122,119,0,135,76,105,10,96,54,75,30,10,43,104,566,1320,1944,333,0.7910264290104487,0.20897357098955133,738,Construction
West Newbury,west newbury,189048,1574,78,765800,4536,3917,0,107,217,87,42,87,70,129,178,137,39,90,117,160,89,56,20,148,166,117,75,18,10,0,98,160,85,90,292,27,140,32,0,8,153,769,1066,2701,512,0.9527845036319612,0.04721549636803874,1085,Information
West Springfield Town,west springfield,70401,7374,5224,307900,28635,21801,1347,1869,3745,739,720,815,167,849,791,568,278,313,583,721,323,193,114,361,401,631,433,240,373,30,529,1005,985,43,488,312,814,203,80,164,743,4927,4686,19022,3618,0.5853310049214161,0.4146689950785839,5396,Manufacturing
West Stockbridge,west stockbridge,99961,467,84,469400,1201,1099,0,21,31,27,12,55,11,4,38,34,6,29,39,41,5,4,6,26,51,87,9,3,11,30,19,30,28,0,77,18,43,13,6,5,15,187,311,703,81,0.8475499092558983,0.15245009074410162,284,Information
West Tisbury,west tisbury,194526,828,93,1178600,2865,2519,5,12,43,162,0,143,58,7,48,47,43,20,23,162,105,0,0,42,255,212,34,18,0,6,220,18,39,0,147,0,56,0,0,10,0,508,871,1486,329,0.8990228013029316,0.10097719869706841,496,Construction
Westborough,westborough,134474,4895,3170,637900,21591,13319,676,4961,1687,412,837,745,581,688,927,566,151,271,376,406,278,151,192,210,312,446,277,211,260,38,407,1082,267,247,1755,239,351,124,13,115,575,4907,3390,13294,2635,0.6069435833849969,0.3930564166150031,5213,Information
Westfield,westfield,82847,10657,5016,295500,40673,34698,444,1478,4075,688,1310,1068,982,1357,946,764,778,413,775,948,504,367,253,329,993,1249,623,331,797,181,972,1736,871,48,649,313,780,465,23,96,858,7893,7582,25198,4053,0.6799591654437568,0.3200408345562432,6992,Manufacturing
Westford,westford,181523,7797,1017,689400,24584,17406,74,5717,640,510,768,1125,793,835,1148,663,434,301,317,570,249,204,152,238,361,463,329,124,197,0,530,1271,224,289,2016,138,269,379,72,60,359,6276,3505,14803,1387,0.8846153846153846,0.11538461538461539,5607,Information
Westhampton,westhampton,95192,575,47,394800,1514,1435,0,1,52,11,27,50,26,32,68,26,10,30,51,31,38,11,2,35,67,66,30,16,7,17,92,103,14,0,31,4,31,0,8,1,21,250,384,880,78,0.9244372990353698,0.07556270096463022,322,Manufacturing
Westminster,westminster,101161,2866,409,394000,8289,8029,0,53,185,208,350,187,372,182,191,105,75,37,176,434,215,70,13,156,195,473,123,81,33,27,176,304,223,0,326,113,112,79,27,64,27,1670,2006,4613,207,0.8751145038167939,0.1248854961832061,1478,Information
Weston,weston,250001,3193,339,1586100,11443,8706,342,1480,419,377,444,640,245,427,491,207,276,151,143,235,134,166,221,101,155,282,180,149,268,13,110,222,44,53,779,67,330,47,0,8,48,3107,2185,6151,915,0.9040203850509626,0.09597961494903737,1721,Information
Westport,westport,100703,5692,1084,483800,16382,15520,2,91,250,355,355,639,184,392,363,239,158,173,363,591,339,311,149,287,310,660,524,389,105,0,1009,487,214,70,404,160,267,75,9,58,611,2685,4201,9496,769,0.8400236127508854,0.15997638724911453,3364,Construction
Westwood,westwood,205000,4791,701,985800,16213,12782,263,1627,866,453,619,686,332,744,585,503,153,112,166,167,256,250,200,151,334,281,249,294,513,7,196,487,58,46,915,35,306,6,0,0,366,4075,2973,9165,1541,0.8723597960670065,0.12764020393299344,2422,Information
Weymouth Town,weymouth,100077,17142,8157,516200,57786,46683,3128,4025,2654,1495,1279,935,687,1338,1399,938,520,726,1366,1193,635,566,332,755,1104,1586,1159,751,828,36,2371,1286,1137,550,2336,593,1310,270,0,368,1367,8591,11001,38194,3950,0.6775761887821653,0.3224238112178347,11624,Construction
Whately,whately,102734,561,98,393200,1521,1433,13,1,44,30,51,43,19,45,34,17,33,22,49,96,17,21,3,44,26,54,32,12,24,23,76,74,18,7,36,6,24,7,3,10,20,272,400,849,74,0.8512898330804249,0.14871016691957512,304,Construction
Whitman,whitman,107794,4190,1564,456400,15215,13487,220,183,479,314,449,521,503,473,343,190,121,225,187,292,128,60,64,371,121,346,189,77,165,0,734,519,360,189,467,173,188,83,11,53,636,2914,2225,10076,1325,0.7281890858533194,0.27181091414668057,3413,Construction
Wilbraham,wilbraham,124004,4821,524,384300,14551,12809,616,177,806,353,661,497,274,250,497,447,154,249,409,323,173,87,186,232,381,442,310,157,345,42,463,560,413,0,295,74,190,336,21,88,371,3133,3294,8124,949,0.9019644527595884,0.0980355472404116,2853,Manufacturing
Williamsburg,williamsburg,108500,946,182,379500,2716,2564,15,45,48,21,55,109,21,45,94,123,0,83,36,122,21,14,9,37,102,62,50,32,22,16,82,110,64,0,115,16,32,35,8,7,82,468,590,1658,92,0.8386524822695035,0.16134751773049646,567,Information
Williamstown,williamstown,97813,1829,691,449800,7463,6080,249,475,300,70,56,137,250,174,188,108,439,78,62,176,142,87,125,85,202,377,124,107,161,43,53,135,37,97,60,0,58,43,19,0,89,1422,1726,4315,659,0.7257936507936508,0.27420634920634923,634,Manufacturing
Wilmington,wilmington,161473,6841,1030,646200,23195,20127,295,1014,578,735,806,938,416,578,646,568,242,184,404,419,380,130,174,253,365,505,314,123,166,92,1001,973,195,250,1234,247,398,318,26,55,455,4929,3417,14849,1759,0.86913988057426,0.13086011942574005,5244,Information
Winchendon,winchendon,85160,2969,847,295400,10392,9057,183,345,396,164,243,374,146,284,419,164,105,165,190,371,72,184,81,78,99,317,122,103,114,30,308,595,167,31,103,47,161,148,0,65,162,1899,1896,6597,807,0.7780398322851153,0.2219601677148847,1817,Manufacturing
Winchester,winchester,218176,6714,1340,1181700,22862,16546,684,3585,724,570,1040,836,642,917,1088,721,168,131,303,492,229,258,235,248,370,528,436,365,458,16,218,881,186,255,1803,140,490,66,45,70,158,5982,4053,12827,2047,0.8336230444499627,0.16637695555003726,4328,Information
Windsor,windsor,104766,398,12,353900,1019,851,0,9,12,52,12,19,13,26,5,17,8,11,26,42,6,4,2,10,25,19,18,4,8,0,57,46,45,0,45,2,12,10,2,0,20,152,175,692,159,0.9707317073170731,0.02926829268292683,239,Construction
Winthrop Town,winthrop,106357,4399,3519,606900,18807,15053,645,322,3720,295,370,365,544,693,411,407,175,167,212,338,299,148,97,397,300,699,500,140,402,24,512,399,509,181,794,308,343,305,0,12,329,3260,3699,11848,2787,0.5555695882798687,0.44443041172013137,3716,Information
Woburn,woburn,107754,9429,6931,641800,41205,31088,2445,3365,2420,1224,858,878,646,1073,791,716,480,329,520,769,428,273,299,637,475,969,525,421,800,16,1622,1877,706,260,2107,322,736,321,0,481,776,6666,6445,28094,4307,0.5763447432762836,0.4236552567237164,9224,Information
Worcester,worcester,67544,33510,45579,339500,205501,119250,24955,14247,51192,6315,5717,5883,3791,4853,5759,3092,4483,1881,2192,2973,1790,1098,1277,2216,2788,4213,2060,1971,2798,111,5951,7289,4027,989,6657,2262,5609,1995,52,271,4921,39893,27257,138351,47049,0.42369988241095474,0.5763001175890452,40134,Manufacturing
Worthington,worthington,91250,481,33,346800,1061,984,0,21,34,23,17,14,9,14,30,8,3,45,43,49,20,15,18,54,40,58,27,18,3,10,68,44,8,5,28,7,3,6,0,2,32,118,390,553,56,0.9357976653696498,0.06420233463035019,213,Construction
Wrentham,wrentham,147930,3753,642,599500,12305,10991,274,329,269,205,327,415,283,340,315,297,123,192,309,257,241,158,103,160,232,248,264,61,373,6,567,329,181,76,807,173,169,146,19,88,203,2305,2598,7402,711,0.8539249146757679,0.14607508532423208,2764,Information
Yarmouth,yarmouth,81985,9478,2221,480500,25091,20605,1035,633,823,502,446,435,237,555,506,371,209,381,612,1044,575,398,714,424,779,1113,1029,752,937,89,1330,399,221,58,826,440,207,385,0,97,1049,3261,8758,13072,2818,0.8101547140781263,0.18984528592187366,5101,Construction
