cityKey,listingCount,medianListingPrice,meanListingPrice,medianPricePerSqFt,medianEstimatedMonthlyPayment,medianHouseholdIncome,medianHomeValueCensus,medianBedrooms,medianBathrooms,estimatedCapRate,environmentalRiskComposite,livabilityComposite,priceToIncomeRatio,monthlyAffordabilityIndexTown,town
abington,19,799000.0,784052.5263157894,343.77676240208876,5045.0,119787.0,516300.0,4.0,3.0,8.335748031496063,3.0,29.0,6.670172890213462,1.9786422200198217,Abington
acton,12,812450.0,845808.3333333334,345.3121439963545,5062.5,153338.0,757500.0,3.5,3.0,8.225520248043257,3.1,30.0,5.298425700087389,2.5240823045267486,Acton
acushnet,9,599700.0,628599.8888888889,246.99341021416805,3742.0,91050.0,408300.0,4.0,2.0,8.2368,3.6,26.5,6.586490939044481,2.027659005879209,Acushnet
adams,20,274450.0,307160.0,158.62812845291757,1776.5,56285.0,199800.0,3.0,2.0,8.547319383194722,2.6,39.5,4.876077107577507,2.640257059761704,Adams
agawam,23,389900.0,457147.82608695654,254.4935064935065,2570.0,82359.0,290000.0,3.0,2.0,8.699453993933266,3.0,20.5,4.7341517016962325,2.6705252918287936,Agawam Town
alford,5,1890000.0,2693000.0,411.6570831155253,12204.0,122292.0,814400.0,5.0,5.0,8.523428571428573,2.4,4.5,15.454813070356197,0.8350540806293019,Alford
amesbury,24,660500.0,740279.1666666666,316.8516373930387,4136.5,100599.0,475400.0,4.0,2.5,8.21534560731109,3.0,26.25,6.5656716269545425,2.0266529674845883,Amesbury Town
amherst,2,1125000.0,1125000.0,222.99070557015375,7394.5,65938.0,454000.0,3.5,4.5,8.679733333333335,2.6,11.25,17.061481998240772,0.7430973471273694,Amherst Town
andover,49,1099000.0,1279794.7142857143,391.6666666666667,6695.0,167591.0,813800.0,4.0,3.0,8.213938144329898,3.2,20.5,6.55763137638656,2.0860219068956933,Andover
arlington,42,998500.0,1089777.380952381,582.314862599874,6419.0,141440.0,885000.0,2.0,2.0,8.225413575754862,3.4,62.66666666666667,7.059530542986425,1.8362154021914108,Arlington
ashburnham,15,549000.0,549300.0,300.3714020427112,3522.0,115420.0,368200.0,3.0,2.0,8.468114285714288,2.6,14.0,4.756541327326286,2.730929396176415,Ashburnham
ashby,4,432500.0,428500.0,209.59444429791012,2804.0,110536.0,362200.0,3.0,1.5,8.224208416833669,2.6,5.0,3.9127524064558155,3.2850689491203044,Ashby
ashfield,2,660000.0,660000.0,189.70672356032614,4311.0,80216.0,373800.0,3.5,2.5,8.621866666666667,2.9000000000000004,4.75,8.227784980552508,1.550606974406557,Ashfield
ashland,6,719500.0,717983.3333333334,337.8834946434319,4483.5,127106.0,586000.0,3.0,3.0,8.225985607071049,3.2,20.5,5.6606297106352175,2.3624772313296902,Ashland
ashley falls,1,695000.0,695000.0,171.8595450049456,4499.0,,,3.0,6.0,8.544863309352518,,19.5,,,Ashley Falls
assonet,5,619900.0,582960.0,341.3546255506608,3869.0,,,3.0,2.0,8.237166666666667,3.5999999999999996,15.75,,,Assonet
athol,16,297000.0,323543.75,212.7237848299656,2249.0,65458.0,243900.0,3.0,2.0,8.469540703211942,2.5,22.5,4.537260533471844,2.425448347413665,Athol
attleboro,50,605400.0,656441.94,310.84804254356186,3778.0,93266.0,409100.0,3.0,3.0,8.237413976116763,3.3,20.0,6.491111444685094,2.0572172225163228,Attleboro
auburn,20,609900.0,632600.0,290.20907452231563,3912.5,100786.0,363100.0,4.0,3.0,8.467885607126115,2.8,19.25,6.051435715277916,2.146666666666667,Auburn
avon,7,629000.0,656242.8571428572,348.60529986053,3931.0,129487.0,482800.0,3.0,2.0,8.248984615384614,3.2,38.0,4.85763049572544,2.744997032137709,Avon
ayer,2,379950.0,379950.0,294.732800982801,2375.5,105047.0,417800.0,2.5,2.0,8.26949343947986,3.0999999999999996,27.5,3.6169524117775853,3.6850838419981757,Ayer
baldwinville,1,424900.0,424900.0,368.83680555555554,2727.0,,,3.0,2.0,8.47173452577077,2.4,16.0,,,Baldwinville
barnstable,107,819000.0,1343808.38317757,447.0486111111111,4851.0,97348.0,559200.0,3.0,3.0,7.8184615384615395,3.6,24.25,8.413115831860953,1.672301243729815,Barnstable Town
barre,4,322450.0,364975.0,139.7909669211196,2426.5,95607.0,329300.0,3.0,2.5,8.769552631578948,2.6,9.25,3.372660997625697,3.28343292808572,Barre
becket,32,572450.0,536600.0,299.49464591820833,3705.5,75625.0,349200.0,3.0,2.0,8.545098226577052,2.2,6.25,7.569586776859504,1.7007376422435119,Becket
bedford,6,1132450.0,1166433.3333333333,448.38336989798046,7552.5,158964.0,878200.0,3.5,3.0,8.214484570516746,3.0,23.0,7.123940011574947,1.753988745448527,Bedford
belchertown,1,360000.0,360000.0,327.27272727272725,2369.0,99089.0,350100.0,2.0,1.0,8.686333333333335,3.0,,3.6330975183925562,3.4856127761362035,Belchertown
bellingham,11,519900.0,646454.4545454546,337.8962536023055,3281.0,120966.0,425900.0,3.0,2.0,8.249009801960392,3.2,30.0,4.297901889787213,3.072386467540384,Bellingham
belmont,13,1780000.0,1775384.6153846155,667.6462730430136,11073.0,178188.0,1108800.0,4.0,4.0,8.364753901560624,3.2,55.333333333333336,9.989449345634947,1.341009663144586,Belmont
berkley,3,625000.0,591666.6666666666,284.09090909090907,3899.0,123877.0,472100.0,4.0,2.0,8.238189473684212,3.4,12.0,5.0453272197421635,2.647623322219373,Berkley
berlin,6,646950.0,806466.6666666666,337.2445014808475,4519.0,122411.0,566800.0,2.5,2.5,8.465862330623306,3.0,13.5,5.285064250761778,2.257339381869145,Berlin
bernardston,5,499900.0,791740.0,294.49360865290066,3266.0,78427.0,305500.0,3.0,2.0,8.622971619365611,2.2,17.5,6.37408035497979,2.0010971626862624,Bernardston
beverly,23,650000.0,1214595.608695652,456.25,4046.0,103739.0,621900.0,3.0,2.0,8.215322033898305,3.4,48.5,6.265724558748397,2.1366576042181578,Beverly
billerica,18,744450.0,694322.2222222222,354.5972813313854,4639.0,139706.0,570500.0,3.0,2.0,8.2256770841066,3.1,26.0,5.3286902495240005,2.509628511891931,Billerica
blackstone,11,459900.0,467318.1818181818,273.65819209039546,2952.0,98986.0,394600.0,3.0,2.0,8.467452631578947,3.5,37.5,4.64611157133332,2.7943202348690157,Blackstone
blandford,4,202450.0,291975.0,115.66988920734055,2330.5,88587.0,275400.0,3.0,2.0,10.964571890973339,2.25,7.25,2.2853240317428063,3.1676678824286633,Blandford
bolton,7,825000.0,838557.1428571428,321.924108853967,5132.0,198475.0,722300.0,4.0,4.0,8.466953846153846,3.2,10.0,4.15669479783348,3.222833852948818,Bolton
bondsville,1,319900.0,319900.0,169.4385593220339,2109.0,,,4.0,2.0,8.70234448265083,3.4,22.0,,,Bondsville
boston,814,889500.0,1444715.9754299754,748.0776165888042,5646.0,94755.0,710400.0,2.0,2.0,8.347363909129877,3.4,81.0,9.387367421244262,1.3985565001771165,Boston
bourne,99,759000.0,1300983.3333333333,381.9742489270386,4793.0,95349.0,543100.0,3.0,3.0,8.334668335419273,4.0,18.5,7.960230311801907,1.6577821823492593,Bourne
boxboro,4,1120000.0,1102250.0,345.31772575250835,6956.0,,,3.5,3.0,8.201027793262725,3.2,11.5,,,Boxboro
boxborough,2,459500.0,459500.0,303.8016843199923,3725.0,151000.0,671800.0,2.0,2.0,10.731900699101157,3.0,28.75,3.043046357615894,3.3780760626398214,Boxborough
boxford,11,1249000.0,1393363.6363636365,326.57068062827227,7622.0,192605.0,879900.0,4.0,4.0,8.200707305723592,3.4,9.0,6.484774538563381,2.1058011895390534,Boxford
boylston,5,619900.0,609940.0,343.24473975636766,4305.0,124732.0,578700.0,2.0,3.0,9.107339893531215,3.2,14.5,4.969855369913094,2.4144792876500194,Boylston
braintree,29,809900.0,878420.6896551724,384.14502164502164,5060.0,125305.0,623200.0,3.0,2.0,8.247614457831327,3.0,41.0,6.463429232672279,2.063652832674572,Braintree Town
brewster,33,799000.0,1013906.0303030303,549.7584541062802,4739.0,94798.0,621300.0,3.0,2.0,7.819130434782609,3.4,19.0,8.428447857549738,1.6669831891397622,Brewster
bridgewater,24,714900.0,733861.5,333.3307154134054,4514.0,112482.0,500600.0,3.0,3.0,8.335877694930929,3.4,18.5,6.355683576038833,2.076539654408507,Bridgewater Town
brimfield,14,447400.0,561957.0714285715,229.74351146055437,2870.0,101477.0,379700.0,2.5,2.0,8.46861838022895,2.8,5.75,4.408880830138849,2.9464866434378627,Brimfield
brockton,58,547500.0,602914.8793103448,320.22415897435894,3457.5,77089.0,405500.0,3.0,2.0,8.335804167904168,3.0,42.0,7.10218059645345,1.8580139792721138,Brockton
brookfield,4,474950.0,497475.0,204.83096943244297,3046.5,71875.0,313200.0,3.5,2.0,8.46747149321267,2.7,14.5,6.608,1.966053941681711,Brookfield
brookline,139,1900000.0,2483620.784172662,822.4085365853658,11691.0,140631.0,1233100.0,3.0,3.0,8.540706976744186,3.4,77.66666666666667,13.510534661632216,1.0024163886750492,Brookline
burlington,8,889900.0,1061761.75,417.173454390995,6065.5,142207.0,679400.0,4.0,3.5,8.225161370301596,3.2,32.5,6.257779152924962,1.95376858187014,Burlington
cambridge,152,1249500.0,1836610.8421052631,891.6917007320087,8238.5,126469.0,1040500.0,2.0,2.0,8.582218096357227,3.4,89.66666666666667,9.879891514916698,1.2792478404240255,Cambridge
canton,29,752900.0,906289.2068965518,445.34412955465586,5143.0,128341.0,665500.0,2.0,3.0,9.03510597791598,3.0,30.5,5.8664027863270505,2.0795417719878153,Canton
carlisle,7,1275000.0,2036285.7142857143,397.94007490636704,7898.0,250001.0,1055600.0,4.0,3.0,8.212362030905078,3.0,20.5,5.0999796000816,2.6378091499957796,Carlisle
carver,18,499000.0,597263.8888888889,311.4703674494616,3151.0,78955.0,409800.0,3.0,2.0,8.336320915592067,3.8,15.0,6.320055727946299,2.088093726859198,Carver
charlemont,6,500000.0,673325.0,215.04828654089076,3265.5,59327.0,312800.0,4.0,2.5,8.620890225563912,2.4000000000000004,14.5,8.427865895797867,1.5139845863318533,Charlemont
charlton,16,492447.5,492587.1875,254.43571428571428,3159.0,119809.0,405200.0,3.0,2.0,8.467571580063627,2.8,10.5,4.1102713485631295,3.1605202068165035,Charlton
chatham,32,2225000.0,3309359.375,979.3063471929362,13156.5,86674.0,857900.0,4.0,4.0,7.804939490810076,3.4,18.5,25.67090476959642,0.548993526647158,Chatham
chelmsford,18,782000.0,737188.8888888889,349.1291711670741,4873.5,140519.0,565000.0,4.0,2.0,8.226278284785598,2.8,22.0,5.565083725332517,2.402773502958175,Chelmsford
chelsea,20,572000.0,744530.0,448.3007719506389,3682.0,72220.0,476500.0,3.0,2.0,8.509760427071214,3.4,62.5,7.920243699806148,1.6345283360492484,Chelsea
cheshire,9,499900.0,458511.0,172.05926821892953,3237.0,72028.0,237000.0,3.0,3.0,8.54555712270804,2.4,11.0,6.940356528016882,1.8542889506744928,Cheshire
chester,4,414700.0,415475.0,238.85202577637622,2732.5,87308.0,275600.0,3.0,1.5,8.69782916984837,2.3,10.75,4.749851101846337,2.6626410491003356,Chester
chicopee,41,314900.0,343582.8780487805,216.2516382699869,2114.0,66927.0,251800.0,3.0,2.0,8.7000508560773,2.8,37.0,4.705126481091338,2.638245033112583,Chicopee
chilmark,1,6595000.0,6595000.0,2160.878112712975,38242.0,166250.0,1788900.0,4.0,4.0,7.654198635329795,3.4,12.0,39.669172932330824,0.3622762059167059,Chilmark
clarksburg,5,279000.0,320780.0,208.33333333333334,1806.0,78421.0,212500.0,3.0,2.0,8.546637362637362,2.2,9.5,3.557720508537254,3.6185400516795863,Clarksburg
clinton,6,464900.0,474766.6666666667,364.83111548352576,3217.5,93849.0,348000.0,3.0,1.5,8.469292745871755,2.9,15.5,4.953702223785016,2.4306915306915307,Clinton
cohasset,25,1799999.0,2168701.88,624.9995833333334,11228.0,187060.0,1092500.0,4.0,4.0,8.233871241039578,3.4,19.0,9.622575644178339,1.3883446146538416,Cohasset
colrain,3,450000.0,483333.3333333333,199.2287917737789,2939.0,86429.0,267200.0,3.0,1.0,8.621729032258067,3.0,7.0,5.206585752467343,2.4506351366678008,Colrain
concord,14,1515000.0,1805778.5714285714,484.3582466874551,9776.0,212315.0,1134500.0,4.0,3.5,8.225472079068126,3.0,21.5,7.135623954972564,1.8098319012547737,Concord
conway,2,792500.0,792500.0,260.51284109865213,5176.0,92471.0,376700.0,4.0,2.5,8.621290276110445,2.3,4.25,8.570254458154448,1.4887783359093252,Conway
dalton,10,392500.0,455040.0,165.4364719921785,2910.0,81168.0,289300.0,4.0,2.5,8.546257668711657,2.2,29.0,4.8356495170510545,2.3243986254295534,Dalton
danvers,30,697000.0,836806.3333333334,381.8267930261427,4399.5,117072.0,611200.0,3.0,2.0,8.214985289163392,3.4,38.5,5.953601202678693,2.2175247187180362,Danvers
dartmouth,52,998841.5,1540371.2884615385,382.5483870967742,6282.5,98662.0,470500.0,4.0,3.0,8.236097908865577,3.4,18.5,10.123872412884394,1.3086881549277094,Dartmouth
dedham,22,822000.0,1110772.1363636365,427.33627626912454,5136.0,124375.0,630400.0,3.0,2.5,8.24776975723896,3.2,35.0,6.609045226130653,2.018026349948079,Dedham
deerfield,12,657450.0,662258.3333333334,274.62453540261225,4294.5,103110.0,385000.0,4.0,3.0,8.62160737327189,2.6,19.25,6.3762001745708465,2.0008149959250203,Deerfield
dennis,51,699000.0,1115150.9803921569,561.8971061093248,4141.0,88183.0,564500.0,3.0,2.0,7.818564206268959,3.4,28.0,7.926697889615912,1.7745914835385976,Dennis
devens,1,999900.0,999900.0,410.97410604192356,6231.0,,,4.0,2.0,8.225742574257428,3.0,30.5,,,Devens
dighton,6,639950.0,625300.0,285.3857674167208,3993.0,137616.0,486900.0,3.5,2.5,8.237075291622482,3.4,14.5,4.650258690849901,2.8720260455797644,Dighton
douglas,8,649999.5,667437.375,396.8489633995348,4176.5,147185.0,439800.0,3.0,1.5,8.469009896705181,3.0,7.75,4.416207493970173,2.9367692246298733,Douglas
dover,24,3041500.0,3204583.3333333335,495.0084440766705,18972.0,250001.0,1285800.0,5.0,6.0,8.233758972286925,3.4,11.25,12.165951336194656,1.0981138871319138,Dover
dracut,10,584700.0,648872.3,331.2169581633764,3644.0,111539.0,465900.0,3.0,2.0,8.225526252044052,3.0,23.75,5.242112624283883,2.5507455177460665,Dracut
drury,1,59000.0,59000.0,26.292335115864528,406.0,,,4.0,2.0,9.083389830508477,2.0,1.0,,,Drury
dudley,10,432450.0,471140.0,229.96553477903302,2773.5,85179.0,372400.0,3.5,2.0,8.467883539638763,3.0,8.75,5.076955587644842,2.5593113394627727,Dudley
dunstable,3,825000.0,873300.0,208.24159476346327,5141.0,202379.0,624300.0,4.0,4.0,8.22477496785255,3.2,7.0,4.076509914566235,3.2804739674512096,Dunstable
duxbury,33,1450000.0,2331324.242424242,508.130081300813,9103.0,171471.0,826300.0,4.0,3.0,8.321903398926656,3.4,18.0,8.45624041383091,1.5697297594199715,Duxbury
east bridgewater,14,639000.0,650700.0,275.671875,4146.0,128679.0,474000.0,3.0,2.0,8.33620596029569,3.2,23.5,4.965845242813513,2.5864085865894837,East Bridgewater
east brookfield,1,460000.0,460000.0,243.51508734780307,2951.0,76382.0,342400.0,4.0,2.0,8.468086956521741,3.0,5.5,6.022361289309,2.156952445498701,East Brookfield
east freetown,3,629900.0,633233.3333333334,462.58116883116884,3930.0,,,3.0,1.0,8.236090870124304,3.4,,,,East Freetown
east longmeadow,20,649000.0,727241.75,235.55980666747072,4277.0,101540.0,342000.0,4.0,3.0,8.699537369519835,2.9,17.75,6.3915698246996255,1.978411659262723,East Longmeadow
east otis,2,827000.0,827000.0,538.940702966959,5450.0,,,2.5,2.0,8.698928345882926,2.0,3.25,,,East Otis
east taunton,3,385000.0,427666.6666666667,281.48496240601503,2966.0,,,2.0,2.0,10.025819397993311,3.5,15.0,,,East Taunton
east walpole,4,1124000.0,1081950.0,416.10890852067325,7093.0,,,3.5,3.0,8.237170604858226,3.0,28.75,,,East Walpole
eastham,25,859000.0,1176995.96,560.8974358974359,5209.0,72683.0,668400.0,3.0,2.0,7.8184615384615395,3.4,25.25,11.818444478076028,1.1627791642669738,Eastham
easton,15,737700.0,825988.3333333334,338.0676328502415,4603.0,121458.0,560200.0,3.0,2.0,8.2368,3.0,17.0,6.07370449044114,2.1988920269389527,Easton
egremont,15,995000.0,1629466.6666666667,412.16494845360825,6441.0,97500.0,549300.0,4.0,3.0,8.5430220713073,2.6,15.0,10.205128205128204,1.2614500853904673,Egremont
erving,3,350000.0,326633.3333333333,291.6666666666667,2287.0,74550.0,241500.0,3.0,1.0,8.864533333333334,3.0,16.0,4.694835680751174,2.7164407520769567,Erving
essex,5,1290000.0,1185800.0,446.05809128630705,7981.0,152371.0,826700.0,3.0,2.0,8.216480686695279,4.0,16.5,8.46617794724718,1.5909764858204904,Essex
everett,8,813000.0,713724.875,430.9544563415308,5066.5,79658.0,605200.0,4.0,2.0,8.226613622979782,3.4,65.33333333333333,10.206131210926712,1.3102075726175204,Everett
fairhaven,14,509000.0,589592.8571428572,395.13197946481307,3238.0,92500.0,407300.0,2.5,2.0,8.236799999999999,3.6,36.5,5.5027027027027025,2.3805847230800903,Fairhaven
fall river,94,542250.0,659298.7659574468,236.73818719903693,3616.0,53933.0,357800.0,4.0,3.0,8.236831617879233,3.6,46.0,10.05414124932787,1.2429249631268438,Fall River
falmouth,146,975000.0,1321329.102739726,492.2154416313504,5884.5,92862.0,580000.0,3.0,3.0,7.818806572382012,3.6,23.5,10.49945079795826,1.3150650012745349,Falmouth
fitchburg,62,499900.0,497133.37096774194,229.69143693493405,3207.5,70659.0,295500.0,4.0,2.5,8.468173634726945,2.8,36.5,7.074824155450827,1.835775526110678,Fitchburg
florida,2,467500.0,467500.0,235.15384615384616,3034.5,90078.0,220600.0,3.0,1.5,8.58993165467626,2.1,5.75,5.189946490819068,2.4737188993244357,Florida
foxborough,12,664950.0,670633.25,352.1833489760977,4340.0,108559.0,581900.0,3.5,3.0,8.24784834043136,3.0,16.75,6.125240652548384,2.084466205837174,Foxborough
framingham,81,679900.0,780257.6296296297,375.86805555555554,4237.0,98179.0,600600.0,3.0,3.0,8.226060008451896,3.0,24.0,6.925106183603418,1.9309849736448745,Framingham
franklin,22,699000.0,778754.5454545454,329.1500866208804,4468.0,142788.0,567100.0,3.0,2.0,8.247922200014221,3.0,21.0,4.895369358769645,2.6631602506714414,Franklin Town
gardner,17,450000.0,440958.5294117647,238.83928571428572,2886.0,62948.0,271300.0,3.0,2.0,8.468173634726945,2.6,35.5,7.148757704772193,1.8176253176253176,Gardner
georgetown,9,699900.0,765911.1111111111,347.76119402985074,4548.0,152014.0,610800.0,4.0,2.0,8.214105263157895,3.4,27.0,4.60418119383741,2.78536352975667,Georgetown
gill,1,999995.0,999995.0,221.13998230871294,6532.0,90000.0,323900.0,4.0,4.0,8.622283111415557,2.2,7.5,11.111055555555556,1.1481935088793631,Gill
gloucester,50,987000.0,1351181.76,552.7932397329615,6235.0,87898.0,587800.0,3.0,3.0,8.214877396053176,3.8,23.166666666666664,11.228924435140732,1.1747928361400695,Gloucester
grafton,23,675000.0,653434.7391304348,307.8407224958949,4330.0,124548.0,481500.0,4.0,3.0,8.46810152284264,3.2,16.75,5.419597263705559,2.396997690531178,Grafton
granville,2,462450.0,462450.0,300.5948347107438,3151.5,89643.0,328700.0,2.5,1.5,9.021517112834331,2.5,12.25,5.158796559686757,2.3703791845153104,Granville
great barrington,59,775000.0,1352732.2033898304,368.7150837988827,5146.0,82484.0,474800.0,4.0,3.0,8.544288577154308,2.4,20.0,9.395761602250133,1.3357300168415598,Great Barrington
greenfield,17,335000.0,469741.17647058825,205.69620253164558,2188.0,53961.0,252000.0,3.0,2.0,8.6224,2.3,36.0,6.208187394599803,2.0551873857404024,Greenfield
groton,9,799900.0,1132177.7777777778,321.50205761316874,4985.0,189180.0,673500.0,4.0,3.0,8.224513834870542,3.2,13.5,4.228248229199704,3.1624874623871615,Groton
groveland,12,714499.5,806990.75,298.31921017984894,4446.5,135521.0,571900.0,3.5,2.5,8.214247789837106,3.4,16.5,5.272241940363486,2.539844072116646,Groveland
halifax,10,352400.0,413760.0,245.40961779448622,2637.0,106851.0,442800.0,3.0,1.5,9.053955827379252,3.8,14.0,3.2980505563822518,3.3766590822904816,Halifax
hamilton,7,1195000.0,1437414.2857142857,444.0740740740741,7305.0,126331.0,687600.0,4.0,3.0,8.20086050420168,3.4,15.5,9.459277611987556,1.441147615788273,Hamilton
hampden,11,499000.0,687981.3636363636,219.47154471544715,3288.0,110703.0,345200.0,4.0,3.0,8.699058823529413,3.2,14.5,4.507556254121388,2.8057329683698295,Hampden
hancock,7,299000.0,726100.0,319.8,2718.0,93125.0,348300.0,2.0,2.0,12.078662207357862,2.4,14.0,3.210738255033557,2.8551937699288694,Hancock
hanover,13,929000.0,1080353.7692307692,299.9172527927183,5867.0,174821.0,706200.0,4.0,3.0,8.336318622174382,3.4,20.0,5.3140068984847355,2.4831117550139195,Hanover
hanson,11,589900.0,590851.3636363636,314.74296799224055,3726.0,111897.0,496200.0,3.0,2.0,8.336494156928214,3.6,17.0,5.271812470396883,2.5026167471819645,Hanson
hardwick,8,382450.0,634137.5,262.0081967213115,2727.0,81250.0,282000.0,3.5,2.0,8.466019417475728,2.8,18.5,4.707076923076923,2.4828871776066492,Hardwick
harvard,5,749900.0,760580.0,360.52884615384613,5386.0,200688.0,798300.0,3.0,2.0,8.468714524207014,3.0,9.0,3.7366459379733716,3.105087263275158,Harvard
harwich,31,950000.0,1711287.0967741935,458.1424406497293,5858.0,87948.0,588100.0,4.0,3.0,7.817868613138685,3.6,21.75,10.80183744940192,1.2511095937179926,Harwich
haverhill,51,599000.0,600653.6666666666,311.33056133056135,3728.0,87675.0,426900.0,3.0,3.0,8.215127919911012,3.2,34.333333333333336,6.832050185343599,1.959831008583691,Haverhill
hawley,1,665000.0,665000.0,376.984126984127,4344.0,99375.0,290000.0,3.0,2.0,8.622676691729323,2.2,2.0,6.6918238993710695,1.9063651012891345,Hawley
heath,6,379500.0,342166.6666666667,192.6098230628432,2496.0,93750.0,284500.0,3.0,2.0,8.682104326923078,2.2,6.5,4.048,3.1300080128205128,Heath
hingham,56,1897000.0,2233092.8571428573,571.2948760893967,11959.5,181017.0,1075100.0,4.0,4.0,8.321910011644079,3.6,20.0,10.479678704210102,1.261319453154396,Hingham
hinsdale,6,629700.0,646983.3333333334,314.5644212706127,4376.5,76129.0,272900.0,4.5,2.5,8.544684016404014,1.9,10.75,8.271486555714642,1.4495791918961118,Hinsdale
holbrook,11,649000.0,647763.5454545454,346.0199004975124,4055.0,107768.0,436500.0,3.0,2.0,8.247738358169583,3.2,21.0,6.022195828075124,2.2147143444307438,Holbrook
holden,17,599900.0,599641.1176470588,298.8045427375971,3719.0,142880.0,433300.0,4.0,2.0,8.467326732673268,2.6,16.25,4.198628219484882,3.2015774849870033,Holden
holland,7,459000.0,386528.5714285714,345.07042253521126,3029.0,86806.0,288700.0,3.0,1.0,8.710849673202615,3.0,2.5,5.287652927217013,2.3881919225266866,Holland
holliston,6,682500.0,650766.6666666666,335.1262918381417,4253.5,154684.0,620500.0,3.5,2.0,8.225698369270688,3.1,17.25,4.412221044193323,3.030523882293014,Holliston
holyoke,33,344900.0,353215.57575757575,179.43409247757074,2273.0,51892.0,255300.0,4.0,2.0,8.699788682789388,2.8,45.0,6.6464965697988125,1.902478369262355,Holyoke
hopedale,6,634500.0,1170483.3333333333,244.33575787977594,4069.5,115216.0,456000.0,3.5,3.0,8.46720547282763,2.8,36.25,5.507047632273295,2.3593398042347546,Hopedale
hopkinton,18,889000.0,942260.5555555555,360.2827978713991,5870.0,204418.0,726100.0,4.0,3.0,8.225684210526317,2.8,17.0,4.34893209012905,2.9020159000567856,Hopkinton
hubbardston,4,394900.0,397400.0,243.95234948315317,2452.0,102344.0,342100.0,3.0,1.5,8.465318997305179,2.5,9.25,3.8585554600171967,3.4782490483958672,Hubbardston
hudson,11,699999.0,807372.6363636364,327.1604938271605,4362.0,107202.0,480300.0,4.0,2.0,8.225497464996378,3.0,34.5,6.529719594783679,2.0480284273269143,Hudson
hull,46,764499.5,954721.695652174,505.1085568326948,5032.5,127112.0,606100.0,3.0,2.0,8.335950952928648,4.25,38.5,6.014377084775631,2.1048517966550753,Hull
huntington,1,519900.0,519900.0,196.6338880484115,3426.0,94871.0,283900.0,3.0,3.0,8.698442008078477,2.4,11.5,5.480072941151669,2.307623078419926,Huntington
ipswich,19,1094000.0,1340726.2631578948,450.202131569276,6702.0,124405.0,701400.0,3.0,2.0,8.214388489208634,3.4,15.5,8.793858767734417,1.5468641201631355,Ipswich
kingston,19,949000.0,1016115.7368421053,355.3169734151329,5993.0,115863.0,562000.0,4.0,3.0,8.335890410958905,3.6,15.5,8.190707991334593,1.6110879359252461,Kingston
lakeville,26,774450.0,806649.9615384615,381.34625949186045,4891.0,126182.0,533800.0,3.0,2.0,8.336109047509371,3.2,12.0,6.137563202358498,2.149901179036325,Lakeville
lancaster,8,684900.0,716687.5,271.5672990063234,4430.5,130444.0,467400.0,3.5,2.0,8.467149604868744,3.2,15.0,5.250528962619975,2.4535229281871875,Lancaster
lanesborough,27,499900.0,632929.6296296297,285.48057259713704,3554.0,84419.0,285500.0,3.0,2.0,8.546257668711657,2.3,14.5,5.921652708513486,1.9794363158882011,Lanesborough
lawrence,17,599900.0,564282.2352941176,326.4417845484222,3733.0,57903.0,393500.0,4.0,2.0,8.21572549623019,3.2,52.333333333333336,10.360430374937396,1.2925930886686312,Lawrence
lee,28,640000.0,811250.0,292.3834628190899,4330.5,74222.0,328900.0,4.0,3.0,8.544913985023275,2.4,14.5,8.622780307725472,1.4282800292498943,Lee
leicester,9,479900.0,851400.0,266.6111111111111,3079.0,95776.0,377800.0,4.0,3.0,8.467058056099152,2.6,22.0,5.010649849649181,2.59218360939699,Leicester
lenox,30,632000.0,1144583.3333333333,337.5686739297267,3977.5,97569.0,469600.0,3.0,3.0,8.544033091631267,2.4,18.5,6.477467228320471,2.0441860465116277,Lenox
leominster,31,465000.0,487187.0967741936,257.31441048034935,3046.0,81556.0,345000.0,3.0,2.0,8.468797690245413,2.8,29.666666666666668,5.701603805973809,2.2312322171153425,Leominster
leverett,6,774000.0,1276833.3333333333,245.77998639693186,5055.5,113750.0,444700.0,3.5,3.0,8.622230334667567,2.4,8.75,6.804395604395604,1.8750206046220288,Leverett
lexington,53,2399000.0,2605845.283018868,559.1549295774648,14924.0,219402.0,1147900.0,5.0,5.0,8.211731092436976,3.2,28.666666666666668,10.934266779701188,1.2251072098633073,Lexington
leyden,1,599000.0,599000.0,175.86611861421022,3913.0,105357.0,344800.0,3.0,3.0,8.622971619365611,2.2,4.5,5.685431437873136,2.243738819320215,Leyden
lincoln,8,1597000.0,2536087.5,549.6919846351194,10039.5,180750.0,1180100.0,3.5,3.0,8.208226552556507,3.2,17.25,8.835408022130014,1.5003237213008616,Lincoln
littleton,5,740000.0,740780.0,372.10248068320453,4612.0,146250.0,633000.0,3.0,2.0,8.225836065573771,3.0,15.5,5.05982905982906,2.642562879444926,Littleton
longmeadow,21,634900.0,692904.7142857143,259.765625,4184.0,144639.0,425800.0,4.0,3.0,8.698818711608128,3.0,28.5,4.389549153409523,2.8807958891013383,Longmeadow
lowell,101,549000.0,548132.594059406,300.68163592622295,3427.0,76205.0,395100.0,3.0,2.0,8.226339622641511,3.2,52.333333333333336,7.204251689521685,1.853054177609182,Lowell
ludlow,30,507450.0,521309.6666666667,249.60523504273505,3344.5,78981.0,303900.0,3.0,2.0,8.699157450401014,3.2,24.75,6.424962965776579,1.9679324263716549,Ludlow
lunenburg,17,749000.0,763246.9411764706,284.27741466957156,4805.0,109753.0,442800.0,3.0,3.0,8.467288287137567,3.0,13.5,6.824414822373876,1.903451266042317,Lunenburg
lynn,100,574450.0,575907.71,379.5539665791578,3700.0,74715.0,472600.0,3.0,2.0,8.215428571428571,3.4,45.333333333333336,7.688549822659439,1.6827702702702703,Lynn
lynnfield,15,1049000.0,1596958.3333333333,426.77824267782427,6528.0,172484.0,904200.0,3.0,3.0,8.212931506849316,3.2,19.0,6.081723522181767,2.2018484477124183,Lynnfield
malden,16,642450.0,624781.1875,399.28454369020534,4027.5,95298.0,607500.0,3.0,2.0,8.225844467283316,3.4,54.83333333333333,6.741484606182711,1.9718187461204222,Malden
manchester,11,2395000.0,2866818.1818181816,631.1098332374928,14879.0,197875.0,932000.0,4.0,4.0,8.200741463414635,3.6,12.0,12.103600758054327,1.1082454017967156,Manchester-by-the-Sea
mansfield,7,749800.0,759100.0,313.25592646347366,4678.0,131409.0,571000.0,4.0,3.0,8.2368,3.0,22.5,5.705849675440799,2.340904232578025,Mansfield
marblehead,29,1325000.0,1791644.8275862068,588.8047138047139,8197.0,165859.0,906200.0,4.0,3.0,8.2128078817734,3.8,41.666666666666664,7.9887133046744525,1.6861758366882194,Marblehead
marion,19,979900.0,1271475.5263157894,481.94087403598974,6188.0,120227.0,585500.0,4.0,3.0,8.33570772527809,3.4,20.5,8.150415464080448,1.6190880198233137,Marion
marlborough,50,535000.0,653035.88,306.05024450687176,3522.5,95047.0,485400.0,3.0,2.0,8.226248226248227,2.8,42.75,5.628794175513167,2.2485687248639694,Marlborough
marshfield,22,1262500.0,1291309.0909090908,406.8856220356208,7926.0,125525.0,621300.0,4.0,3.0,8.321474668581882,3.8,19.0,10.057757418840868,1.3197598620573638,Marshfield
mashpee,62,824500.0,1282832.2258064516,525.1923076923076,5091.5,95852.0,515800.0,3.0,2.0,7.869615690358222,3.6,16.25,8.60180277928473,1.568823856754722,Mashpee
mattapoisett,28,848700.0,1135892.8214285714,403.9801912568306,5370.0,117308.0,671900.0,4.0,3.0,8.335929203539823,3.4,19.5,7.234800695604733,1.8204220980757293,Mattapoisett
maynard,7,525000.0,556713.8571428572,333.48581884720954,3653.0,119549.0,494200.0,3.0,2.0,8.226742857142858,3.0,45.0,4.391504738642732,2.727187699607628,Maynard
medfield,6,924950.0,1077283.3333333333,390.2090144409655,5779.5,214801.0,869400.0,4.0,3.0,8.24834129907376,3.5,28.5,4.306078649540738,3.097168151800905,Medfield
medford,61,935000.0,966752.3770491803,510.4521147301896,5919.0,118089.0,715500.0,3.0,2.0,8.225444071051369,3.4,63.666666666666664,7.91775694603223,1.6625696908261531,Medford
medway,10,799000.0,873169.6,289.16597067557535,4992.0,174357.0,588900.0,3.5,3.0,8.247389737171465,3.2,17.5,4.582551890661115,2.9106069711538463,Medway
melrose,12,1014500.0,1023941.5833333334,426.9904602933641,6252.0,126854.0,796100.0,4.0,2.0,8.218630984937946,3.4,49.5,7.997382818042789,1.6908455960759223,Melrose
mendon,8,752400.0,655437.375,275.2006858120351,4826.5,129837.0,605500.0,4.0,2.0,8.467104176123039,3.2,12.0,5.7949582938607636,2.2417383196933596,Mendon
merrimac,3,700000.0,916662.0,311.1111111111111,4356.0,116477.0,531300.0,4.0,2.0,8.21417142857143,3.5,22.0,6.0097701692179575,2.2282866544230178,Merrimac
methuen,23,659900.0,682329.6521739131,334.63186599142966,4107.0,103270.0,472200.0,3.0,2.0,8.215292153589317,3.2,34.5,6.390045511765275,2.095406217027839,Methuen Town
middleborough,23,589000.0,703256.5217391305,335.50945698596706,3719.0,91914.0,426800.0,3.0,3.0,8.335615954818214,3.4,13.25,6.408164153447788,2.0595590212422694,Middleborough
middleton,11,995000.0,1272990.8181818181,379.8213946418393,6192.0,171458.0,713000.0,4.0,3.0,8.21451256281407,3.2,15.5,5.803170455738432,2.3075204565030147,Middleton
milford,26,589950.0,583957.6538461539,307.1601697153342,3784.5,92726.0,442500.0,3.0,2.0,8.468199011552706,3.0,27.0,6.362293207945991,2.041793279605408,Milford
millbury,11,549900.0,545118.1818181818,280.8779761904762,3528.0,116000.0,415600.0,3.0,2.0,8.4678,2.8,25.5,4.74051724137931,2.7399848828420255,Millbury
millis,19,975000.0,1022478.8947368421,362.67682263329704,6330.0,149021.0,570300.0,4.0,3.0,8.24687302590019,3.4,19.5,6.542702035283618,1.9618351764086361,Millis
millville,2,399000.0,399000.0,250.87022311651998,2566.5,115789.0,418000.0,2.5,1.5,8.512749221902503,3.1,24.5,3.445923187867587,3.7596272485226314,Millville
milton,34,925000.0,1724364.705882353,516.3022029276693,5779.5,178053.0,896500.0,4.0,3.0,8.247259779816332,3.4,36.333333333333336,5.1950823631166,2.567306860455057,Milton
monroe,3,230000.0,353000.0,67.6470588235294,1505.0,64375.0,147900.0,3.0,3.0,8.637391304347826,2.2,4.0,3.5728155339805827,3.5645071982281284,Monroe
monson,20,462450.0,501519.95,205.6989901989902,3047.0,84067.0,315500.0,4.0,3.0,8.69965522777295,3.2,13.0,5.5009694648316225,2.299174050979105,Monson
montague,4,417000.0,370250.0,193.13724246958668,2724.0,72344.0,262100.0,3.0,2.0,8.622742602608973,2.6,12.25,5.7641269490213425,2.213166911404797,Montague
monterey,4,867000.0,1243247.5,368.473062248996,5612.5,131111.0,555200.0,4.0,3.0,8.544774933839722,2.3,2.75,6.612717468404634,1.9467112100965107,Monterey
montgomery,1,160000.0,160000.0,160.16016016016016,1097.0,125000.0,338600.0,2.0,1.0,9.050250000000002,2.6,1.5,1.28,9.495594044363415,Montgomery
mount washington,1,584900.0,584900.0,413.06497175141243,3787.0,127813.0,593800.0,3.0,1.0,8.546486578902377,2.4,0.5,4.576216816755729,2.8125385089340726,Mount Washington
nahant,11,1149999.0,1922536.2727272727,528.2021151586368,7006.0,111004.0,686000.0,3.0,2.0,8.20128,3.6,20.5,10.359978018810134,1.3203444666476354,Nahant
nantucket,122,3995000.0,4684963.1147540985,1643.237228788203,22223.0,119750.0,1387000.0,4.0,4.0,7.342798985787843,3.0,25.5,33.36116910229645,0.4490467833625823,Nantucket
natick,42,1080000.0,1345147.5952380951,462.0086477987421,6898.0,134591.0,740700.0,4.0,3.0,8.223874756995581,3.0,36.0,8.024310689422027,1.6259664637092877,Natick
needham,51,2390000.0,2278621.568627451,514.8809523809524,14908.0,212241.0,1146000.0,5.0,5.0,8.233982956650612,3.2,26.0,11.260783731701226,1.186393211698417,Needham
new bedford,36,467000.0,490463.72222222225,287.6797487902102,2914.0,56025.0,324400.0,4.0,2.0,8.236611091234346,3.6,38.0,8.335564480142793,1.6021791352093342,New Bedford
new marlborough,8,1522500.0,1874125.0,473.9818148250715,9818.0,94038.0,486800.0,4.0,3.0,8.544237060081665,2.4,10.25,16.190263510495758,0.7981768180892239,New Marlborough
new salem,1,495000.0,495000.0,189.22018348623854,3233.0,78611.0,346800.0,4.0,2.0,8.621333333333334,2.2,2.5,6.296828688097086,2.0262655943911745,New Salem
newbury,13,1275000.0,1464000.0,891.6666666666666,7888.0,176196.0,776100.0,3.0,3.0,8.200821484992101,3.9,18.5,7.2362596199686715,1.8614350912778905,Newbury
newburyport,36,962500.0,1152848.75,548.2743479513158,5990.5,144259.0,792400.0,3.0,3.0,8.215059026687598,3.2,55.5,6.6720273951711855,2.006774615363214,Newburyport
newton,216,1877500.0,2151418.347222222,580.0923327676167,11789.0,184989.0,1202500.0,4.0,4.0,8.212085106382979,3.2,48.333333333333336,10.149252117693484,1.3076384765459326,Newton
norfolk,10,900950.0,1219670.0,407.47947777486684,5655.5,197379.0,694300.0,3.0,3.5,8.240234482758622,3.2,12.0,4.56456867245249,2.9083635399168952,Norfolk
north adams,48,258900.0,336143.75,133.56753545087443,1683.0,48521.0,185300.0,3.5,2.0,8.634759825327512,2.4,42.0,5.335833968797016,2.4025054466230937,North Adams
north andover,32,774950.0,907674.9375,351.0686121927089,4823.0,134319.0,670000.0,3.0,3.0,8.215306505913905,3.2,31.0,5.769474162255526,2.3208065519386274,North Andover
north attleboro,12,514900.0,548675.0,311.3621691413815,3296.0,109426.0,462700.0,3.0,2.0,8.238138709127,3.0,37.5,4.70546305265659,2.7666363268608416,North Attleborough Town
north brookfield,5,349900.0,420140.0,244.88124488124487,2245.0,81010.0,316500.0,4.0,2.0,8.469276936267505,2.8,24.0,4.319219849401309,3.0070527097253152,North Brookfield
north reading,9,899000.0,1209411.111111111,393.1111111111111,5603.0,150820.0,680000.0,4.0,3.0,8.226278284785598,3.4,13.5,5.960747911417584,2.2431435540484266,North Reading
northborough,19,1050000.0,1181210.5263157894,330.88054942359577,6735.0,174358.0,598500.0,4.0,3.0,8.466180882983283,2.8,20.0,6.022092476399133,2.1573620390992327,Northborough
northbridge,9,589900.0,560177.6666666666,277.82462057335584,3889.5,103355.0,429600.0,3.0,3.0,8.46842513284578,3.2,23.0,5.707512940834986,2.214402022539315,Northbridge
northfield,3,325000.0,362666.6666666667,211.53846153846155,2122.0,102470.0,337200.0,3.0,1.0,8.620884955752214,2.6,5.5,3.1716599980482094,4.02411247251021,Northfield
norton,8,662450.0,718550.0,320.3190203190203,4133.5,127404.0,476900.0,3.0,2.5,8.236428881537748,3.4,19.5,5.199601268406015,2.568525462682956,Norton
norwell,11,1129000.0,1472363.6363636365,362.5290023201856,6981.0,182637.0,799600.0,4.0,3.0,8.333952,3.6,17.5,6.181660890181069,2.180167597765363,Norwell
norwood,17,895000.0,919682.3529411765,385.6060606060606,5592.0,97110.0,613500.0,4.0,3.0,8.247630769230769,3.2,50.5,9.216352589846565,1.447156652360515,Norwood
oak bluffs,2,749000.0,749000.0,897.7125649864253,4426.0,117927.0,893000.0,2.5,1.0,7.787162446515605,3.825,53.25,6.3513868749311015,2.2203456845910527,Oak Bluffs
oakham,1,825000.0,825000.0,310.73446327683615,5293.0,96207.0,379600.0,3.0,3.0,8.468800000000002,2.6,10.5,8.575259596495057,1.514689212167013,Oakham
orange,19,299900.0,349073.6842105263,220.58823529411765,1958.0,54105.0,223900.0,3.0,2.0,8.622529832935562,2.2,18.5,5.5429257924406246,2.302732379979571,Orange
orleans,24,1967500.0,2770923.4583333335,826.4941219917523,11632.5,98798.0,816700.0,4.0,4.0,7.804760000000001,3.4,19.0,19.914370736249722,0.707772763091912,Orleans
otis,26,627500.0,708673.0769230769,312.3739368165249,4061.5,104089.0,374500.0,3.0,2.0,8.544690299259008,2.4,7.25,6.028494845756996,2.1356846813574624,Otis
oxford,14,418500.0,462020.5714285714,264.936435112564,2885.5,104000.0,345000.0,3.0,2.0,8.469231403979936,3.0,18.0,4.024038461538462,3.0035233639461674,Oxford
palmer,21,350000.0,369166.61904761905,217.22365038560412,2356.0,78789.0,255000.0,3.0,2.0,8.699428571428571,3.2,13.5,4.442244475751691,2.7868208828522922,Palmer Town
paxton,6,529950.0,574799.8333333334,238.2412999422107,3399.5,133750.0,464700.0,3.0,2.5,8.46694583942115,2.9,12.5,3.9622429906542056,3.278668431632103,Paxton
peabody,36,624950.0,611396.7777777778,379.72836538461536,4045.5,95278.0,566200.0,3.0,2.0,8.215780836852296,3.2,37.0,6.559226684019396,1.962633378651176,Peabody
pembroke,17,650000.0,849617.6470588235,340.67063277447267,4105.0,141332.0,550300.0,4.0,2.0,8.336307692307694,3.4,15.5,4.599099991509354,2.8691027202598454,Pembroke
pepperell,9,555000.0,558944.4444444445,279.00244157656084,3458.0,126976.0,459800.0,3.0,2.0,8.226310517529216,3.1,14.0,4.370904737903226,3.059957586273376,Pepperell
peru,6,375000.0,469800.0,333.2375583771162,2427.0,83125.0,255400.0,3.0,1.5,8.54428252550937,1.9,8.25,4.511278195488722,2.854175250652383,Peru
petersham,3,425000.0,448966.6666666667,373.1211317418214,2727.0,107656.0,375000.0,2.0,2.0,8.469741176470588,2.3,8.0,3.9477595303559485,3.289817870675957,Petersham
phillipston,3,269900.0,381633.3333333333,281.1458333333333,1732.0,92027.0,339300.0,2.0,2.0,8.467008000000002,2.2,9.0,2.932834928879568,4.4277809853733645,Phillipston
pittsfield,140,329900.0,479721.34285714285,207.64613401493952,2150.0,68386.0,233700.0,3.0,2.0,8.545517428839418,2.2,26.166666666666664,4.824086801392098,2.6506201550387596,Pittsfield
plainville,9,520000.0,552633.2222222222,325.2367229312474,3248.0,95625.0,461200.0,3.0,2.0,8.247432762836187,3.0,28.0,5.437908496732026,2.453432881773399,Plainville
plymouth,222,825000.0,863922.4549549549,368.90689805719273,5538.0,111975.0,494700.0,3.0,3.0,8.683542105786644,3.6,9.5,7.367716008037508,1.6849494402311305,Plymouth
plympton,7,950000.0,1085285.7142857143,340.6940063091483,6000.0,119750.0,499300.0,3.0,3.0,8.336437718277066,3.8,17.5,7.933194154488517,1.6631944444444444,Plympton
princeton,4,642450.0,599925.0,285.30423081945673,4121.0,150577.0,496400.0,3.5,2.0,8.467748262341907,2.7,9.75,4.26658785870352,3.044912238129904,Princeton
provincetown,40,1585000.0,2259162.475,1566.1722350230416,9597.0,104500.0,769500.0,2.0,2.0,8.062080000000002,4.25,75.25,15.167464114832535,0.907401618561356,Provincetown
quincy,103,729900.0,957509.5436893204,489.69072164948454,4893.0,95711.0,598100.0,3.0,2.0,8.249381172646581,3.4,46.0,7.626082686420578,1.630066762041011,Quincy
randolph,27,525000.0,553318.4814814815,365.990990990991,3479.0,103129.0,463500.0,3.0,2.0,8.248222803508233,3.0,36.666666666666664,5.090711633003326,2.470274025102999,Randolph Town
raynham,11,675000.0,644626.7272727273,243.56360424028267,4212.0,117950.0,508600.0,3.0,3.0,8.236891191709846,3.0,16.0,5.722763883001272,2.333610319721431,Raynham
reading,16,659499.5,820693.6875,480.3373118506172,4234.5,163725.0,741100.0,3.0,2.0,8.22598393063816,3.2,44.75,4.028092838601313,3.222045105679537,Reading
rehoboth,9,649000.0,655044.4444444445,267.4070716228468,4050.0,126161.0,487000.0,4.0,2.0,8.236853704017632,3.4,14.0,5.1442204801800875,2.5959053497942386,Rehoboth
revere,66,686500.0,679394.0757575758,435.4497046769527,4313.0,81121.0,566200.0,3.0,2.0,7.853005217012985,3.7,55.833333333333336,8.462666880339246,1.5673738310534044,Revere
richmond,8,694450.0,849487.5,274.30724133532544,4495.0,96923.0,537700.0,4.0,2.5,8.543564131208846,2.5,10.5,7.164966003941273,1.7968668891360773,Richmond
rochester,11,699000.0,837354.5454545454,319.17808219178085,4415.0,119239.0,541600.0,3.0,3.0,8.336,3.6,16.0,5.862175965917191,2.250641751604379,Rochester
rockland,18,499450.0,495016.5,337.6867381622128,3419.0,101475.0,452300.0,3.0,2.0,8.366862884899621,3.2,29.75,4.9219019462921905,2.473310909622697,Rockland
rockport,17,1275000.0,1773117.6470588236,686.0902255639098,7888.0,93227.0,692500.0,3.0,2.0,8.201082352941176,3.6,20.0,13.676295493794717,0.9849032285327924,Rockport
rowe,2,422000.0,422000.0,343.06309703368527,2756.5,87917.0,262100.0,2.5,1.5,8.622200107129768,2.0,8.0,4.799981801016868,2.657869278674648,Rowe
rowley,4,1049750.0,1051250.0,415.2079309171206,6454.5,117177.0,633900.0,3.5,3.0,8.208156890003032,3.1,30.25,8.958669363441631,1.5128592454876444,Rowley
royalston,1,179900.0,179900.0,159.48581560283688,1202.0,101705.0,324000.0,4.0,1.0,8.819566425792107,3.6,10.5,1.7688412565753897,7.051095396561286,Royalston
russell,2,639500.0,639500.0,193.17951318458418,4214.5,105833.0,285100.0,4.5,3.0,8.699255965825397,2.2,1.75,6.042538716657376,2.0926365326056864,Russell
rutland,13,599900.0,555176.8461538461,262.5762195121951,3848.0,155504.0,439200.0,3.0,2.0,8.467924528301888,2.7,11.5,3.8577785780430087,3.3676368676368673,Rutland
salem,68,599000.0,672955.8676470588,427.59247597199106,4007.5,85137.0,497400.0,3.0,2.0,8.858168074688209,3.8,59.0,7.03571890012568,1.7703680598877105,Salem
salisbury,24,697000.0,907649.9583333334,497.8302947052947,4506.0,102521.0,450100.0,3.0,2.0,8.215954629061926,4.2,28.25,6.798607114639927,1.8960090250036987,Salisbury
sandisfield,10,600000.0,1141589.9,319.7967080631906,3884.0,88250.0,338400.0,3.5,3.0,8.544288577154308,2.4,4.5,6.798866855524079,1.893451767936835,Sandisfield
sandwich,63,699900.0,943820.5555555555,447.8046594982079,4145.0,118799.0,545000.0,3.0,2.0,7.818687430478309,3.6,20.0,5.891463732859704,2.388399678327302,Sandwich
saugus,27,799900.0,801622.1481481482,361.8099547511312,4911.0,100819.0,589500.0,4.0,3.0,8.21445185891325,3.6,37.333333333333336,7.934020373143951,1.710768343175185,Saugus
savoy,5,299999.0,396599.8,306.12142857142857,1942.0,55000.0,267200.0,3.0,2.0,8.54482848276161,2.2,9.0,5.4545272727272724,2.360109852385856,Savoy
scituate,52,1312450.0,1680308.7307692308,580.6840077071291,8352.5,131861.0,789000.0,4.0,3.0,8.322138680033417,3.4,24.0,9.953284140117244,1.3155841564401876,Scituate
seekonk,13,724900.0,795115.3076923077,319.05642923219244,4523.0,116310.0,461600.0,3.0,3.0,8.236126413453174,3.0,17.0,6.232482159745508,2.1429361043555164,Seekonk
sharon,19,775000.0,951594.6842105263,378.5949506037322,4842.0,183724.0,697900.0,3.0,2.0,8.247163619315518,3.2,21.75,4.2182839476606215,3.1619854054798293,Sharon
sheffield,26,895000.0,1183880.7692307692,317.0182288136359,5794.0,83889.0,400700.0,4.0,3.0,8.544625500383273,2.6,13.25,10.668860041244978,1.2065498791853642,Sheffield
shelburne,6,362000.0,406400.0,180.68672423097678,2549.0,79676.0,371100.0,3.0,2.0,8.668934106345455,2.5,38.75,4.543400773131181,2.604812344710344,Shelburne
sherborn,7,1450000.0,1647142.857142857,455.75896262395116,7800.0,247500.0,944400.0,4.0,3.0,8.205241379310344,3.2,15.0,5.858585858585859,2.644230769230769,Sherborn
shirley,7,520000.0,506828.5714285714,298.85714285714283,3240.0,121875.0,412700.0,3.0,2.0,8.225656414103526,3.0,15.5,4.266666666666667,3.134645061728395,Shirley
shrewsbury,22,757450.0,877563.0909090909,324.1179512084128,4859.0,136225.0,555500.0,4.0,3.0,8.467521625381533,2.8,22.0,5.56028629106258,2.3363003361459835,Shrewsbury
shutesbury,5,380000.0,556780.0,334.2128408091469,2724.0,108021.0,335100.0,3.0,2.0,8.621684210526317,2.1,14.0,3.5178344951444624,3.304607195301028,Shutesbury
somerset,8,534950.0,525599.875,356.9365553095215,3338.0,111720.0,389400.0,3.0,2.0,8.236523362705405,3.4,46.0,4.7883100608664515,2.7890952666267226,Somerset
somerville,105,1175000.0,1224422.8,640.5677655677656,7351.0,127056.0,899400.0,3.0,2.0,8.374382921947966,3.4,86.33333333333333,9.247890693867271,1.4403482519385118,Somerville
southborough,7,910000.0,1683371.4285714286,389.48247078464107,5837.0,192006.0,796700.0,4.0,3.0,8.466857142857144,2.8,14.0,4.739435225982521,2.7412198046941922,Southborough
southbridge,15,399900.0,438140.0,192.73127753303964,2565.0,59397.0,267000.0,4.0,2.0,8.468173634726945,2.6,32.5,6.732663265821506,1.9297270955165693,Southbridge Town
southfield,5,990000.0,1183400.0,350.0,6409.0,,,4.0,3.0,8.54360902255639,2.5999999999999996,7.5,,,Southfield
southwick,10,549950.0,596530.0,301.06347669957427,3624.0,108833.0,375700.0,3.0,2.0,8.699224086530958,2.8,18.75,5.053154833552323,2.502598417954378,Southwick
spencer,14,589900.0,701728.5,278.31072585514016,3785.0,79086.0,368300.0,3.0,2.5,8.46743167042738,2.6,11.25,7.458968717598563,1.7412153236459709,Spencer
springfield,213,319000.0,345333.9812206573,182.3607427055703,2129.0,51339.0,222700.0,4.0,2.0,8.700000000000001,2.8,54.0,6.213599797424959,2.0095115077501173,Springfield
sterling,9,550000.0,816844.4444444445,308.03351404632826,3528.0,136027.0,467400.0,4.0,3.0,8.46721280243856,2.8,10.0,4.043314930124167,3.2130338246409678,Sterling
stockbridge,14,1006000.0,1076635.7142857143,379.35467288913054,6645.0,131667.0,542300.0,4.0,3.0,8.533515658432211,2.4,15.75,7.640486986108896,1.651203912716328,Stockbridge
stoneham,18,782450.0,829966.6111111111,418.6674949526324,4925.5,112635.0,629000.0,3.0,2.0,8.226397867182737,3.2,38.33333333333333,6.946774981133751,1.9056440970459851,Stoneham
stoughton,30,579950.0,590479.9666666667,344.96119331742244,3623.5,104164.0,496700.0,3.0,2.0,8.248084054887716,3.0,46.0,5.567662532160823,2.395565981325606,Stoughton
stow,3,989000.0,914333.3333333334,377.22222222222223,6163.0,177862.0,657900.0,3.0,2.0,8.223269513991164,3.2,14.5,5.5604907175225735,2.404970523013684,Stow
sturbridge,13,549900.0,730976.0,237.33597046413502,3528.0,129606.0,397000.0,3.0,3.0,8.46804221137187,2.6,9.0,4.242859126892274,3.0613662131519273,Sturbridge
sudbury,10,1044900.0,1251180.0,400.55879328934907,6440.0,234634.0,939400.0,4.0,3.0,8.225197974658036,3.0,18.25,4.453318785853712,3.036154244306418,Sudbury
sunderland,6,482450.0,707466.6666666666,316.3434338133924,3151.5,61442.0,391200.0,3.0,2.0,8.621060299628216,3.2,16.0,7.852120699195989,1.6246760801734625,Sunderland
sutton,13,799900.0,793884.6153846154,272.2537878787879,4747.0,156215.0,523000.0,4.0,3.0,8.466820809248556,3.0,10.0,5.120506993566559,2.74234604311495,Sutton
swampscott,23,950000.0,1258865.2173913044,393.4563758389262,5913.0,128964.0,690800.0,3.0,3.0,8.214472290857747,3.6,50.0,7.366396823919853,1.8175207170640961,Swampscott
swansea,6,662450.0,777966.6666666666,321.4576973517451,4134.0,116627.0,414900.0,3.5,2.5,8.236017793825503,3.4,18.5,5.68007408233085,2.350971617481051,Swansea
taunton,71,542400.0,531119.661971831,291.1931818181818,3327.0,79715.0,388200.0,3.0,2.0,8.237442922374429,3.0,34.75,6.8042401053754,1.9966686704739005,Taunton
templeton,2,491200.0,491200.0,263.8693260477409,3151.5,103277.0,324800.0,3.0,2.5,8.469083463750385,2.2,9.5,4.756141251198234,2.730895340842985,Templeton
tewksbury,10,712000.0,716259.8,322.1958656395507,4437.0,125966.0,543800.0,4.0,2.0,8.22569205681702,3.4000000000000004,15.5,5.652318879697696,2.3658252573059873,Tewksbury
tolland,8,429500.0,539049.875,266.4939841641285,2936.5,106458.0,331700.0,3.0,2.0,9.15497145174597,2.4,4.75,4.034454902402826,3.0211135705772176,Tolland
topsfield,9,1179000.0,1367311.111111111,389.8809523809524,7183.0,176698.0,810400.0,4.0,3.0,8.200913649025072,3.6,14.0,6.6724014986021345,2.0499559144275836,Topsfield
townsend,6,449900.0,434125.0,236.46929073154018,3078.5,120238.0,391700.0,3.0,2.0,8.225948207051763,3.0,11.75,3.741745538016268,3.2547777597314713,Townsend
truro,23,1099000.0,1445842.391304348,887.2458410351202,6382.0,94637.0,771000.0,3.0,2.0,7.819175879396985,4.0,15.0,11.61279415027949,1.2357280894181553,Truro
tyngsborough,4,459450.0,1090950.0,303.33953822885485,3251.0,144375.0,533300.0,3.0,2.0,9.038712344221423,2.9,12.5,3.1823376623376625,3.7007843740387574,Tyngsborough
tyringham,3,1475000.0,1464666.6666666667,497.64274489261396,9494.0,150000.0,613100.0,3.0,3.0,8.545263157894736,2.2,6.0,9.833333333333334,1.3166210238045082,Tyringham
upton,12,895890.5,931906.75,345.6411662168241,5773.0,155952.0,561300.0,4.0,3.0,8.467286216695209,3.2,18.75,5.744655406791833,2.251169236099082,Upton
uxbridge,13,519000.0,574799.9230769231,257.67284991568295,3329.0,127083.0,415500.0,3.0,2.0,8.467858095492133,3.1,28.5,4.083945138216756,3.1812105737458696,Uxbridge
village of nagog woods,1,485000.0,485000.0,228.8815478999528,3733.0,,,2.0,3.0,10.159917525773198,,36.0,,,Village Of Nagog Woods
wakefield,12,804450.0,876058.25,362.4928994256037,5013.0,130320.0,670100.0,3.0,2.0,8.225948577391147,3.2,38.16666666666667,6.172882136279926,2.166367444643926,Wakefield
wales,4,494399.5,412174.75,301.1739393939394,3258.0,93971.0,272600.0,3.0,2.0,8.699293467818151,3.0,5.75,5.2611922827255215,2.403596275833845,Wales
walpole,15,659000.0,924973.3333333334,364.4008409250175,4614.0,159720.0,647600.0,4.0,2.0,8.24739446257501,3.0,24.5,4.125970448284498,2.8846987429562203,Walpole
waltham,47,949900.0,1234133.5106382978,485.7050032488629,5919.0,116560.0,705700.0,4.0,3.0,8.224996969329617,3.4,55.0,8.149450926561428,1.6410429689699837,Waltham
wareham,52,458750.0,640923.0384615385,359.06889051152683,2928.5,82741.0,398000.0,2.0,2.0,8.33647714407898,4.0,24.5,5.544409663890937,2.3544761254339535,Wareham
warren,6,369900.0,379083.3333333333,207.35765252733586,2460.0,66587.0,339500.0,3.0,2.0,8.46787546969776,2.8,6.166666666666666,5.5551383903764995,2.255657181571816,Warren
warwick,2,404950.0,404950.0,207.82077205882354,2645.5,95000.0,301400.0,3.5,2.0,8.624030005455538,2.5,4.25,4.262631578947368,2.9925029925029927,Warwick
washington,3,479000.0,882000.0,213.86946386946386,3101.0,89345.0,358900.0,4.0,2.0,8.545553235908143,2.2,4.5,5.361240136549331,2.400972804471676,Washington
watertown,67,1185000.0,1078211.9253731344,529.0123456790124,7229.0,123422.0,737600.0,4.0,3.0,8.353200000000001,3.4,71.0,9.601205619743643,1.4227647899663391,Watertown Town
wayland,13,1099000.0,1395607.6153846155,446.7105263157895,6704.0,221250.0,936900.0,3.0,3.0,8.224376470588236,3.1,17.5,4.967231638418079,2.7502237470167064,Wayland
webster,12,472400.0,546450.0,250.97364824282207,3030.5,68934.0,339600.0,3.5,2.5,8.467952214145424,3.1,42.25,6.852931789827951,1.8955617884837486,Webster
wellesley,55,2695000.0,3090841.8181818184,690.4411764705883,16810.0,250001.0,1513400.0,4.0,5.0,8.23385407725322,3.0,33.0,10.77995688017248,1.239346619075947,Wellesley
wellfleet,20,899000.0,1447470.0,737.695508681303,5325.0,114074.0,751000.0,3.0,2.0,7.81695724303472,3.8,26.0,7.8808492732787485,1.7851956181533646,Wellfleet
wendell,1,539000.0,539000.0,443.62139917695475,3520.0,69213.0,265700.0,2.0,1.0,8.620408163265306,2.2,10.0,7.787554361174924,1.638565340909091,Wendell
wenham,6,1720000.0,1780000.0,411.2717749414687,10703.5,187652.0,841800.0,4.5,5.0,8.207263225806452,3.4000000000000004,17.75,9.165902841429881,1.4609862817458463,Wenham
west boylston,5,449900.0,541140.0,334.24962852897477,2886.0,99674.0,399200.0,2.0,2.0,8.468029504741834,2.8,41.0,4.513714709954452,2.878089628089628,West Boylston
west bridgewater,9,619900.0,652833.3333333334,346.8937243771681,3849.0,124483.0,501000.0,3.0,2.0,8.336494156928214,3.0,25.5,4.979796438067849,2.6951372650904997,West Bridgewater
west brookfield,8,577450.0,564324.875,275.6627400795827,3704.5,78988.0,333100.0,3.0,2.5,8.469669108741183,2.6,7.75,7.3106041424013775,1.7768479776847976,West Brookfield
west newbury,6,1424950.0,1386966.6666666667,370.0841733254488,8815.5,189048.0,765800.0,4.0,4.0,8.183293755859742,3.4,12.5,7.53750370276332,1.7870795757472633,West Newbury
west springfield,27,384900.0,390844.44444444444,211.90644932671864,2536.0,70401.0,307900.0,3.0,2.0,8.699225806451613,2.8,28.5,5.467251885626625,2.3133872239747633,West Springfield Town
west stockbridge,18,1114500.0,1155794.4444444445,374.9163203661751,7191.0,99961.0,469400.0,3.5,3.0,8.53265720081136,2.4,11.75,11.149348245815869,1.1584040235479536,West Stockbridge
west tisbury,1,1495000.0,1495000.0,1122.3723723723724,8665.0,194526.0,1178600.0,4.0,2.0,7.650702341137125,4.0,20.0,7.6853479740497415,1.870802077322562,West Tisbury
westborough,34,819950.0,948479.3823529412,345.7562854785116,5452.0,134474.0,637900.0,4.0,3.0,8.46726659217877,2.8,12.75,6.097461219269152,2.0554230863291756,Westborough
westfield,38,355000.0,454899.94736842107,215.0605655170766,2421.5,82847.0,295500.0,3.0,2.0,8.699558845299778,2.8,20.0,4.285007302618079,2.8510909216050657,Westfield
westford,19,899000.0,873826.2631578947,362.5,6176.0,181523.0,689400.0,4.0,3.0,8.225066666666667,3.2,17.5,4.952540449419633,2.4493064550949915,Westford
westminster,17,645000.0,723258.7647058824,292.6666666666667,4169.0,101161.0,394000.0,4.0,3.0,8.467267640140918,2.6,8.0,6.375974931050504,2.022087630926681,Westminster
weston,7,1699000.0,1762000.0,578.2845473110959,10742.0,250001.0,1586100.0,3.0,3.0,8.212512,3.2,10.0,6.795972816108735,1.939435548935642,Weston
westport,14,1012500.0,1430057.142857143,472.86307641171857,6251.5,100703.0,483800.0,3.0,2.0,8.23002318367347,3.8,12.0,10.054318143451535,1.3423844943880134,Westport
westwood,14,1910000.0,3198707.1428571427,555.6180613593282,11920.5,205000.0,985800.0,5.0,4.0,8.233639616282085,3.0,16.5,9.317073170731707,1.4331054346154384,Westwood
weymouth,56,639450.0,682148.1607142857,384.1366591404547,4104.5,100077.0,516200.0,3.0,2.0,8.24833654486714,3.0,38.0,6.3895800233819955,2.0318552807893777,Weymouth Town
whately,1,825000.0,825000.0,222.79233054280314,5389.0,102734.0,393200.0,6.0,4.0,8.6224,2.6,19.5,8.03044756361088,1.588637347683553,Whately
whitman,8,594444.0,601698.375,297.32790778097984,3754.5,107794.0,456400.0,3.5,2.5,8.336400924617955,3.2,34.25,5.514629756758261,2.3925511608292274,Whitman
wilbraham,35,525000.0,649965.6285714286,249.9996212121212,3525.0,124004.0,384300.0,4.0,3.0,8.69926650366748,3.0,14.5,4.233734395664656,2.9315366430260044,Wilbraham
williamstown,35,650000.0,747559.9428571429,314.65256797583083,4531.0,97813.0,449800.0,3.0,2.0,8.54461855670103,2.4,17.5,6.645333442384959,1.7989590230265577,Williamstown
wilmington,11,849900.0,884097.6363636364,395.6703910614525,5296.0,161473.0,646200.0,3.0,2.0,8.225189681335356,3.2,22.0,5.263418652034706,2.5408012336354484,Wilmington
winchendon,13,465000.0,487061.53846153844,206.51483050847457,2983.0,85160.0,295400.0,3.0,2.0,8.468660869565218,2.3,21.5,5.460310004697041,2.379036763884233,Winchendon
winchester,15,1349900.0,1818393.3333333333,576.5027322404371,8362.0,218176.0,1181700.0,4.0,3.0,8.212512,3.2,38.58333333333333,6.187206658844236,2.174280475165431,Winchester
windsor,2,337000.0,337000.0,261.3357843137255,2205.5,104766.0,353900.0,2.5,1.5,8.722391061452516,2.0,1.5,3.2166924383864997,3.9585128088868737,Windsor
winthrop,18,782000.0,802838.2222222222,390.5973932825708,4704.5,106357.0,606900.0,3.5,2.0,7.852017167381975,3.9,50.75,7.352595503822033,1.8839586211783046,Winthrop Town
woburn,19,799000.0,880968.3157894737,465.23297491039426,4978.0,107754.0,641800.0,3.0,2.0,8.225225225225225,3.2,31.0,7.415037956827589,1.803836882282041,Woburn
worcester,95,509900.0,540871.3684210526,266.2130177514793,3271.0,67544.0,339500.0,4.0,2.0,8.467899497487439,2.8,38.333333333333336,7.5491531446168425,1.7207785590543159,Worcester
wrentham,10,1042500.0,1120870.0,406.068258153624,6620.5,147930.0,599500.0,3.5,3.0,8.247257142857144,2.9,12.75,7.047252078685865,1.8620194849331622,Wrentham
yarmouth,57,725000.0,1080378.9298245613,473.09027777777777,4318.0,81985.0,480500.0,3.0,2.0,7.818258258258259,3.4,23.75,8.843081051411843,1.5822332870155935,Yarmouth
